Name,Country
Andi,Albania
Ilir,Albania
Elton,Albania
Ardit,Albania
Ervin,Albania
Ermal,Albania
Altin,Albania
Denis,Albania
Arben,Albania
Arber,Albania
Dritan,Albania
Alban,Albania
Endri,Albania
Erion,Albania
Sokol,Albania
Fatjon,Albania
Mario,Albania
Florian,Albania
Erjon,Albania
Albi,Albania
Erald,Albania
Artur,Albania
Elvis,Albania
Ervis,Albania
Klajdi,Albania
Arlind,Albania
Klevis,Albania
Gentian,Albania
Besnik,Albania
Endrit,Albania
Ardian,Albania
Indrit,Albania
Klodian,Albania
Jona,Albania
Besmir,Albania
Saimir,Albania
Aldo,Albania
Bledar,Albania
Ermir,Albania
Leonard,Albania
Armando,Albania
Kreshnik,Albania
Igli,Albania
Edmond,Albania
Gezim,Albania
Kevin,Albania
Albert,Albania
Jurgen,Albania
Eduard,Albania
Aleksander,Albania
Eduart,Albania
Dorian,Albania
Julian,Albania
Taulant,Albania
Gjergji,Albania
Artan,Albania
Agim,Albania
Lulzim,Albania
Renato,Albania
Fatmir,Albania
Edi,Albania
Shkelzen,Albania
Genti,Albania
Flori,Albania
Armand,Albania
Olsi,Albania
Petrit,Albania
Donald,Albania
Fatos,Albania
Daniel,Albania
Luan,Albania
Amarildo,Albania
Astrit,Albania
Adrian,Albania
Redi,Albania
Rei,Albania
Bledi,Albania
Blerim,Albania
Bujar,Albania
Alfred,Albania
Adi,Albania
Arjan,Albania
Marsel,Albania
Edison,Albania
Lorenc,Albania
Roland,Albania
Gjergj,Albania
Florenc,Albania
Ardi,Albania
Robert,Albania
Ledio,Albania
Klaudio,Albania
Ergys,Albania
Toni,Albania
Ylli,Albania
Eraldo,Albania
Flamur,Albania
Dardan,Albania
Mariglen,Albania
Aurel,Albania
Adriatik,Albania
Rezart,Albania
Kujtim,Albania
Kristian,Albania
Xhulio,Albania
Gent,Albania
Gerald,Albania
Shkelqim,Albania
Marin,Albania
Mikel,Albania
Martin,Albania
Ergi,Albania
Fation,Albania
Kastriot,Albania
Ben,Albania
Jetmir,Albania
Ilirjan,Albania
Admir,Albania
Aldi,Albania
Anton,Albania
Agron,Albania
Bekim,Albania
Bashkim,Albania
Laert,Albania
Joni,Albania
Florjan,Albania
Pellumb,Albania
Niko,Albania
Shpetim,Albania
Zef,Albania
Henri,Albania
Genc,Albania
Genci,Albania
Gentjan,Albania
Fitim,Albania
Don,Albania
Klodi,Albania
Alex,Albania
Vladimir,Albania
Oltion,Albania
Skender,Albania
Blendi,Albania
David,Albania
Klodjan,Albania
Jeton,Albania
Ismail,Albania
Dorjan,Albania
Dionis,Albania
Enes,Albania
Enri,Albania
Emiljano,Albania
Eris,Albania
Arian,Albania
Antonio,Albania
Renis,Albania
Visar,Albania
Xhoni,Albania
Urim,Albania
Gert,Albania
Fisnik,Albania
Klejdi,Albania
Juxhin,Albania
Skerdi,Albania
Stefan,Albania
Bruno,Albania
Besart,Albania
Bora,Albania
Marko,Albania
Albano,Albania
Afrim,Albania
Armend,Albania
Alket,Albania
Nikolin,Albania
Olti,Albania
Ndricim,Albania
Naim,Albania
Perparim,Albania
Osman,Albania
Just,Albania
Juljan,Albania
Tani,Albania
Zamir,Albania
Durim,Albania
Drilon,Albania
Ernest,Albania
Erblin,Albania
Eno,Albania
Gazmend,Albania
Gazmir,Albania
Eldi,Albania
Fredi,Albania
Romeo,Albania
Arnold,Albania
Albion,Albania
Hasan,Albania
Mark,Albania
Mirel,Albania
Murat,Albania
Mustafa,Albania
Eugen,Albania
Erind,Albania
Endi,Albania
Enver,Albania
Fatbardh,Albania
Edvin,Albania
Elson,Albania
Kushtrim,Albania
Liridon,Albania
Justin,Albania
Jon,Albania
Leo,Albania
Pajtim,Albania
Paulin,Albania
Orges,Albania
Oliver,Albania
Nertil,Albania
Besar,Albania
Besim,Albania
Ted,Albania
Viktor,Albania
Vangjel,Albania
Vasil,Albania
Isa,Albania
Serxhio,Albania
Spartak,Albania
Andri,Albania
Arsen,Albania
Krenar,Albania
Kristo,Albania
Ladi,Albania
Ledion,Albania
Marius,Albania
Mirjan,Albania
Michael,Albania
Mehmet,Albania
Egzon,Albania
Emanuel,Albania
Eli,Albania
Elidon,Albania
Elio,Albania
Rigers,Albania
Ylber,Albania
Jani,Albania
Glen,Albania
Hektor,Albania
Hekuran,Albania
Helidon,Albania
Ilia,Albania
Franc,Albania
Enis,Albania
Vullnet,Albania
Leon,Albania
Jonathan,Albania
Amir,Albania
Nino,Albania
Mirsad,Albania
William,Albania
Valon,Albania
Michael,Austria
Thomas,Austria
Christian,Austria
Andreas,Austria
Martin,Austria
Stefan,Austria
Markus,Austria
Peter,Austria
Daniel,Austria
Alexander,Austria
Christoph,Austria
Wolfgang,Austria
Florian,Austria
Robert,Austria
David,Austria
Patrick,Austria
Lukas,Austria
Philipp,Austria
Bernhard,Austria
Sebastian,Austria
Matthias,Austria
Mario,Austria
Gerhard,Austria
Johannes,Austria
Franz,Austria
Dominik,Austria
Georg,Austria
Manuel,Austria
Alex,Austria
Paul,Austria
Harald,Austria
Roland,Austria
Manfred,Austria
Jürgen,Austria
Simon,Austria
Chris,Austria
Josef,Austria
Gerald,Austria
René,Austria
Oliver,Austria
Werner,Austria
Helmut,Austria
Walter,Austria
Klaus,Austria
Max,Austria
Karl,Austria
Tobias,Austria
Fabian,Austria
Hannes,Austria
Richard,Austria
Benjamin,Austria
Maximilian,Austria
Jakob,Austria
Roman,Austria
Reinhard,Austria
Stephan,Austria
Herbert,Austria
Bernd,Austria
Clemens,Austria
Julian,Austria
Tom,Austria
Marcel,Austria
Felix,Austria
Jan,Austria
Kurt,Austria
Hans,Austria
Rainer,Austria
Kevin,Austria
Mathias,Austria
Christopher,Austria
Erich,Austria
Gunter,Austria
Gregor,Austria
Johann,Austria
Mike,Austria
Alfred,Austria
Günther,Austria
Mark,Austria
Marcus,Austria
Marc,Austria
Raphael,Austria
Anton,Austria
Heinz,Austria
Rudolf,Austria
Philip,Austria
Norbert,Austria
Sascha,Austria
Gernot,Austria
Armin,Austria
John,Austria
Jörg,Austria
Leo,Austria
Hermann,Austria
Ernst,Austria
Moritz,Austria
Nikolaus,Austria
Dieter,Austria
Erwin,Austria
Marko,Austria
Frank,Austria
Dietmar,Austria
Valentin,Austria
Ivan,Austria
Joachim,Austria
Jonas,Austria
Ben,Austria
Adrian,Austria
Fritz,Austria
Gabriel,Austria
André,Austria
Albert,Austria
Nico,Austria
Flo,Austria
Benedikt,Austria
Ronald,Austria
Hubert,Austria
Horst,Austria
Elias,Austria
Andy,Austria
Jonathan,Austria
James,Austria
Adam,Austria
Joe,Austria
Tim,Austria
Samuel,Austria
Niklas,Austria
Konstantin,Austria
Friedrich,Austria
Hasan,Austria
Pascal,Austria
Ralph,Austria
Wilhelm,Austria
Siegfried,Austria
Dominic,Austria
Christof,Austria
Lucas,Austria
Dennis,Austria
Boris,Austria
Ralf,Austria
Steve,Austria
Robin,Austria
Jochen,Austria
Gottfried,Austria
Eric,Austria
Erik,Austria
Otto,Austria
Ulrich,Austria
Lorenz,Austria
Andi,Austria
Niki,Austria
Reinhold,Austria
Juergen,Austria
Gerd,Austria
Harry,Austria
Ludwig,Austria
Murat,Austria
Emanuel,Austria
Nick,Austria
Herwig,Austria
Alois,Austria
Nicolas,Austria
Patrik,Austria
Claus,Austria
Matt,Austria
Toni,Austria
Roderich,Austria
Leon,Austria
Denis,Austria
Andrew,Austria
Igor,Austria
Axel,Austria
Nikola,Austria
Raimund,Austria
Viktor,Austria
Uwe,Austria
Eduard,Austria
Sven,Austria
Jens,Austria
Dragan,Austria
Wolf,Austria
Timo,Austria
Ibrahim,Austria
Hüseyin,Austria
Aleksandar,Austria
Bruno,Austria
Brian,Austria
Ewald,Austria
Phil,Austria
Jack,Austria
Ingo,Austria
Abdullah,Austria
Amir,Austria
Wilfried,Austria
Rudi,Austria
Sam,Austria
Kai,Austria
Joseph,Austria
Fabio,Austria
Antônio,Austria
Tony,Austria
Vincent,Austria
Emre,Austria
George,Austria
Konrad,Austria
Dani,Austria
Saša,Austria
Heinrich,Austria
Filip,Austria
Don,Austria
Noah,Austria
Volker,Austria
Holger,Austria
Hans-Peter,Austria
Dan,Austria
Dejan,Austria
Leopold,Austria
Lars,Austria
Maxi,Austria
Mohammed,Austria
Miloš,Austria
Ferdinand,Austria
Fred,Austria
Gerold,Austria
Elmar,Austria
Roberto,Austria
Victor,Austria
Goran,Austria
Heimo,Austria
Fatih,Austria
Matthew,Austria
Milan,Austria
Marius,Austria
Ryan,Austria
Rob,Austria
Roger,Austria
Steven,Austria
Arthur,Austria
Alessandro,Austria
Thorsten,Austria
Vladimir,Austria
Dirk,Austria
Marek,Austria
Matteo,Austria
Nils,Austria
Tommy,Austria
Stephen,Austria
Niko,Austria
Jacob,Austria
Jakub,Austria
Emmanuel,Austria
Mahmoud,Austria
Steffen,Austria
Jon,Austria
Gert,Austria
Nicola,Austria
Olaf,Austria
Joshua,Austria
Ronny,Austria
Björn,Austria
Oskar,Austria
Piotr,Austria
Torsten,Austria
Emil,Austria
Michel,Austria
Nicholas,Austria
William,Austria
Gustav,Austria
Angelo,Austria
Kamil,Austria
Joel,Austria
Jean,Austria
Heiko,Austria
Pavel,Belarus
Denis,Belarus
Anton,Belarus
Artem,Belarus
Nikita,Belarus
Ivan,Belarus
Alex,Belarus
Vlad,Belarus
Vadim,Belarus
Kirill,Belarus
Roman,Belarus
Sergey,Belarus
Dmitry,Belarus
Alexander,Belarus
Egor,Belarus
Vladislav,Belarus
Andrey,Belarus
Konstantin,Belarus
Ruslan,Belarus
Andrei,Belarus
Artur,Belarus
Andrew,Belarus
Eugene,Belarus
Alexey,Belarus
Pasha,Belarus
Maxim,Belarus
Sveta,Belarus
Gleb,Belarus
Alexandr,Belarus
Sergei,Belarus
Ilya,Belarus
Max,Belarus
Misha,Belarus
Stas,Belarus
Valentin,Belarus
Leonid,Belarus
Eduard,Belarus
Paul,Belarus
Nick,Belarus
Yury,Belarus
Vitaly,Belarus
Victor,Belarus
Alexei,Belarus
Vitalik,Belarus
Bogdan,Belarus
Dmitriy,Belarus
Aleksey,Belarus
Yuri,Belarus
Artyom,Belarus
Mark,Belarus
Michael,Belarus
Evgeny,Belarus
Vitali,Belarus
Evgeniy,Belarus
David,Belarus
Stepan,Belarus
Dzmitry,Belarus
Aliaksei,Belarus
Mikhail,Belarus
Taras,Belarus
Aleksei,Belarus
Mike,Belarus
Aliaksandr,Belarus
Nicolas,Belarus
Thomas,Belarus
Ales,Belarus
John,Belarus
Vitaliy,Belarus
Vasili,Belarus
Tim,Belarus
Evgen,Belarus
Siarhei,Belarus
Martin,Belarus
Nikolai,Belarus
Daniel,Belarus
Ihar,Belarus
Julien,Belarus
German,Belarus
Nikolay,Belarus
Yaroslav,Belarus
Lev,Belarus
Artsiom,Belarus
Peter,Belarus
Serge,Belarus
Christophe,Belarus
Just,Belarus
Anthony,Belarus
Aleksander,Belarus
Pierre,Belarus
Vladik,Belarus
Toma,Belarus
Yann,Belarus
Yan,Belarus
Andy,Belarus
Albert,Belarus
Raman,Belarus
Chris,Belarus
Vital,Belarus
Viktar,Belarus
Vova,Belarus
George,Belarus
Sad,Belarus
Adrian,Belarus
Alexandre,Belarus
Marc,Belarus
Olivier,Belarus
Nik,Belarus
Tony,Belarus
James,Belarus
Ignat,Belarus
Robert,Belarus
Aleh,Belarus
Arsen,Belarus
Arthur,Belarus
Benoît,Belarus
Little,Belarus
Loïc,Belarus
Mihail,Belarus
Erwan,Belarus
Evgeni,Belarus
Renat,Belarus
Platon,Belarus
Ronan,Belarus
Vasil,Belarus
Ildar,Belarus
Ivanov,Belarus
Jerome,Belarus
Florian,Belarus
Dmitri,Belarus
Kevin,Belarus
Kiryl,Belarus
Lazar,Belarus
Al,Belarus
Benjamin,Belarus
Dark,Belarus
Clément,Belarus
Murad,Belarus
Mikola,Belarus
Maxime,Belarus
Mathieu,Belarus
Lucas,Belarus
Uladzimir,Belarus
Uladzislau,Belarus
Yuriy,Belarus
Nazar,Belarus
Red,Belarus
Stephane,Belarus
Romain,Belarus
Simon,Belarus
Serj,Belarus
Corentin,Belarus
Dan,Belarus
Bruno,Belarus
Kanstantsin,Belarus
Kolya,Belarus
Johny,Belarus
Frédéric,Belarus
Dennis,Belarus
Eugen,Belarus
Eric,Belarus
Evgenii,Belarus
Adam,Belarus
Richard,Belarus
Miroslav,Belarus
Matvey,Belarus
Yauhen,Belarus
Vadzim,Belarus
Valeriy,Belarus
Vasiliy,Belarus
Vincent,Belarus
Emmanuel,Belarus
Stefan,Belarus
Silver,Belarus
Gregory,Belarus
Matt,Belarus
Patrick,Belarus
Pawel,Belarus
Oliver,Belarus
Piotr,Belarus
Leon,Belarus
Karol,Belarus
Vit,Belarus
Tom,Belarus
Emil,Belarus
Andrzej,Belarus
Angel,Belarus
Mikaël,Belarus
Mario,Belarus
Julian,Belarus
Jon,Belarus
Jonathan,Belarus
Philip,Belarus
Christian,Belarus
Jeremy,Belarus
Andreas,Belarus
