Rank,Name,RarityLayer,Country,Gender,Notes
1,Philippe,top_20_very_common,New Caledonia,male,Estimated New Caledonia male given-name pool for game use
2,Jean,top_20_very_common,New Caledonia,male,Estimated New Caledonia male given-name pool for game use
3,Eric,top_20_very_common,New Caledonia,male,Estimated New Caledonia male given-name pool for game use
4,Patrick,top_20_very_common,New Caledonia,male,Estimated New Caledonia male given-name pool for game use
5,Thierry,top_20_very_common,New Caledonia,male,Estimated New Caledonia male given-name pool for game use
6,Christophe,top_20_very_common,New Caledonia,male,Estimated New Caledonia male given-name pool for game use
7,Didier,top_20_very_common,New Caledonia,male,Estimated New Caledonia male given-name pool for game use
8,Pascal,top_20_very_common,New Caledonia,male,Estimated New Caledonia male given-name pool for game use
9,Olivier,top_20_very_common,New Caledonia,male,Estimated New Caledonia male given-name pool for game use
10,Michel,top_20_very_common,New Caledonia,male,Estimated New Caledonia male given-name pool for game use
11,Dominique,top_20_very_common,New Caledonia,male,Estimated New Caledonia male given-name pool for game use
12,Bernard,top_20_very_common,New Caledonia,male,Estimated New Caledonia male given-name pool for game use
13,Daniel,top_20_very_common,New Caledonia,male,Estimated New Caledonia male given-name pool for game use
14,Bruno,top_20_very_common,New Caledonia,male,Estimated New Caledonia male given-name pool for game use
15,David,top_20_very_common,New Caledonia,male,Estimated New Caledonia male given-name pool for game use
16,Alain,top_20_very_common,New Caledonia,male,Estimated New Caledonia male given-name pool for game use
17,William,top_20_very_common,New Caledonia,male,Estimated New Caledonia male given-name pool for game use
18,Vincent,top_20_very_common,New Caledonia,male,Estimated New Caledonia male given-name pool for game use
19,Stephane,top_20_very_common,New Caledonia,male,Estimated New Caledonia male given-name pool for game use
20,Marc,top_20_very_common,New Caledonia,male,Estimated New Caledonia male given-name pool for game use
21,Julien,21_50_common,New Caledonia,male,Estimated New Caledonia male given-name pool for game use
22,Alexandre,21_50_common,New Caledonia,male,Estimated New Caledonia male given-name pool for game use
23,Nicolas,21_50_common,New Caledonia,male,Estimated New Caledonia male given-name pool for game use
24,Pierre,21_50_common,New Caledonia,male,Estimated New Caledonia male given-name pool for game use
25,Sebastien,21_50_common,New Caledonia,male,Estimated New Caledonia male given-name pool for game use
26,Frederic,21_50_common,New Caledonia,male,Estimated New Caledonia male given-name pool for game use
27,Francois,21_50_common,New Caledonia,male,Estimated New Caledonia male given-name pool for game use
28,Laurent,21_50_common,New Caledonia,male,Estimated New Caledonia male given-name pool for game use
29,Antoine,21_50_common,New Caledonia,male,Estimated New Caledonia male given-name pool for game use
30,Guillaume,21_50_common,New Caledonia,male,Estimated New Caledonia male given-name pool for game use
31,Mathieu,21_50_common,New Caledonia,male,Estimated New Caledonia male given-name pool for game use
32,Cedric,21_50_common,New Caledonia,male,Estimated New Caledonia male given-name pool for game use
33,Jerome,21_50_common,New Caledonia,male,Estimated New Caledonia male given-name pool for game use
34,Romain,21_50_common,New Caledonia,male,Estimated New Caledonia male given-name pool for game use
35,Arnaud,21_50_common,New Caledonia,male,Estimated New Caledonia male given-name pool for game use
36,Yannick,21_50_common,New Caledonia,male,Estimated New Caledonia male given-name pool for game use
37,Lionel,21_50_common,New Caledonia,male,Estimated New Caledonia male given-name pool for game use
38,Loic,21_50_common,New Caledonia,male,Estimated New Caledonia male given-name pool for game use
39,Maxime,21_50_common,New Caledonia,male,Estimated New Caledonia male given-name pool for game use
40,Valentin,21_50_common,New Caledonia,male,Estimated New Caledonia male given-name pool for game use
41,Arthur,21_50_common,New Caledonia,male,Estimated New Caledonia male given-name pool for game use
42,Benoit,21_50_common,New Caledonia,male,Estimated New Caledonia male given-name pool for game use
43,Charles,21_50_common,New Caledonia,male,Estimated New Caledonia male given-name pool for game use
44,Claude,21_50_common,New Caledonia,male,Estimated New Caledonia male given-name pool for game use
45,Denis,21_50_common,New Caledonia,male,Estimated New Caledonia male given-name pool for game use
46,Emmanuel,21_50_common,New Caledonia,male,Estimated New Caledonia male given-name pool for game use
47,Etienne,21_50_common,New Caledonia,male,Estimated New Caledonia male given-name pool for game use
48,Fabien,21_50_common,New Caledonia,male,Estimated New Caledonia male given-name pool for game use
49,Florent,21_50_common,New Caledonia,male,Estimated New Caledonia male given-name pool for game use
50,Francis,21_50_common,New Caledonia,male,Estimated New Caledonia male given-name pool for game use
51,Gael,51_100_normal,New Caledonia,male,Estimated New Caledonia male given-name pool for game use
52,Geoffrey,51_100_normal,New Caledonia,male,Estimated New Caledonia male given-name pool for game use
53,Gerald,51_100_normal,New Caledonia,male,Estimated New Caledonia male given-name pool for game use
54,Gilles,51_100_normal,New Caledonia,male,Estimated New Caledonia male given-name pool for game use
55,Gregory,51_100_normal,New Caledonia,male,Estimated New Caledonia male given-name pool for game use
56,Herve,51_100_normal,New Caledonia,male,Estimated New Caledonia male given-name pool for game use
57,Hugues,51_100_normal,New Caledonia,male,Estimated New Caledonia male given-name pool for game use
58,Jacques,51_100_normal,New Caledonia,male,Estimated New Caledonia male given-name pool for game use
59,Jean-Baptiste,51_100_normal,New Caledonia,male,Estimated New Caledonia male given-name pool for game use
60,Jean-Christophe,51_100_normal,New Caledonia,male,Estimated New Caledonia male given-name pool for game use
61,Jean-Francois,51_100_normal,New Caledonia,male,Estimated New Caledonia male given-name pool for game use
62,Jean-Luc,51_100_normal,New Caledonia,male,Estimated New Caledonia male given-name pool for game use
63,Jean-Marc,51_100_normal,New Caledonia,male,Estimated New Caledonia male given-name pool for game use
64,Jean-Michel,51_100_normal,New Caledonia,male,Estimated New Caledonia male given-name pool for game use
65,Jean-Philippe,51_100_normal,New Caledonia,male,Estimated New Caledonia male given-name pool for game use
66,Jeremy,51_100_normal,New Caledonia,male,Estimated New Caledonia male given-name pool for game use
67,Jonathan,51_100_normal,New Caledonia,male,Estimated New Caledonia male given-name pool for game use
68,Jordan,51_100_normal,New Caledonia,male,Estimated New Caledonia male given-name pool for game use
69,Joseph,51_100_normal,New Caledonia,male,Estimated New Caledonia male given-name pool for game use
70,Jules,51_100_normal,New Caledonia,male,Estimated New Caledonia male given-name pool for game use
71,Kevin,51_100_normal,New Caledonia,male,Estimated New Caledonia male given-name pool for game use
72,Leo,51_100_normal,New Caledonia,male,Estimated New Caledonia male given-name pool for game use
73,Louis,51_100_normal,New Caledonia,male,Estimated New Caledonia male given-name pool for game use
74,Ludovic,51_100_normal,New Caledonia,male,Estimated New Caledonia male given-name pool for game use
75,Luc,51_100_normal,New Caledonia,male,Estimated New Caledonia male given-name pool for game use
76,Lucien,51_100_normal,New Caledonia,male,Estimated New Caledonia male given-name pool for game use
77,Manuel,51_100_normal,New Caledonia,male,Estimated New Caledonia male given-name pool for game use
78,Mathis,51_100_normal,New Caledonia,male,Estimated New Caledonia male given-name pool for game use
79,Matthieu,51_100_normal,New Caledonia,male,Estimated New Caledonia male given-name pool for game use
80,Maxence,51_100_normal,New Caledonia,male,Estimated New Caledonia male given-name pool for game use
81,Mickael,51_100_normal,New Caledonia,male,Estimated New Caledonia male given-name pool for game use
82,Patrice,51_100_normal,New Caledonia,male,Estimated New Caledonia male given-name pool for game use
83,Phil,51_100_normal,New Caledonia,male,Estimated New Caledonia male given-name pool for game use
84,Quentin,51_100_normal,New Caledonia,male,Estimated New Caledonia male given-name pool for game use
85,Raphael,51_100_normal,New Caledonia,male,Estimated New Caledonia male given-name pool for game use
86,Remi,51_100_normal,New Caledonia,male,Estimated New Caledonia male given-name pool for game use
87,Rene,51_100_normal,New Caledonia,male,Estimated New Caledonia male given-name pool for game use
88,Richard,51_100_normal,New Caledonia,male,Estimated New Caledonia male given-name pool for game use
89,Robert,51_100_normal,New Caledonia,male,Estimated New Caledonia male given-name pool for game use
90,Roger,51_100_normal,New Caledonia,male,Estimated New Caledonia male given-name pool for game use
91,Samuel,51_100_normal,New Caledonia,male,Estimated New Caledonia male given-name pool for game use
92,Serge,51_100_normal,New Caledonia,male,Estimated New Caledonia male given-name pool for game use
93,Simon,51_100_normal,New Caledonia,male,Estimated New Caledonia male given-name pool for game use
94,Sylvain,51_100_normal,New Caledonia,male,Estimated New Caledonia male given-name pool for game use
95,Thibault,51_100_normal,New Caledonia,male,Estimated New Caledonia male given-name pool for game use
96,Theo,51_100_normal,New Caledonia,male,Estimated New Caledonia male given-name pool for game use
97,Thomas,51_100_normal,New Caledonia,male,Estimated New Caledonia male given-name pool for game use
98,Tristan,51_100_normal,New Caledonia,male,Estimated New Caledonia male given-name pool for game use
99,Victor,51_100_normal,New Caledonia,male,Estimated New Caledonia male given-name pool for game use
100,Warren,51_100_normal,New Caledonia,male,Estimated New Caledonia male given-name pool for game use
101,Xavier,101_plus_rare,New Caledonia,male,Estimated New Caledonia male given-name pool for game use
102,Yann,101_plus_rare,New Caledonia,male,Estimated New Caledonia male given-name pool for game use
103,Yohan,101_plus_rare,New Caledonia,male,Estimated New Caledonia male given-name pool for game use
104,Aloisio,101_plus_rare,New Caledonia,male,Estimated New Caledonia male given-name pool for game use
105,Aurelien,101_plus_rare,New Caledonia,male,Estimated New Caledonia male given-name pool for game use
106,Aymeric,101_plus_rare,New Caledonia,male,Estimated New Caledonia male given-name pool for game use
107,Bastien,101_plus_rare,New Caledonia,male,Estimated New Caledonia male given-name pool for game use
108,Brice,101_plus_rare,New Caledonia,male,Estimated New Caledonia male given-name pool for game use
109,Clement,101_plus_rare,New Caledonia,male,Estimated New Caledonia male given-name pool for game use
110,Corentin,101_plus_rare,New Caledonia,male,Estimated New Caledonia male given-name pool for game use
111,Damien,101_plus_rare,New Caledonia,male,Estimated New Caledonia male given-name pool for game use
112,Edouard,101_plus_rare,New Caledonia,male,Estimated New Caledonia male given-name pool for game use
113,Felix,101_plus_rare,New Caledonia,male,Estimated New Caledonia male given-name pool for game use
114,Flavien,101_plus_rare,New Caledonia,male,Estimated New Caledonia male given-name pool for game use
115,Gaetan,101_plus_rare,New Caledonia,male,Estimated New Caledonia male given-name pool for game use
116,Gautier,101_plus_rare,New Caledonia,male,Estimated New Caledonia male given-name pool for game use
117,Gregoire,101_plus_rare,New Caledonia,male,Estimated New Caledonia male given-name pool for game use
118,Jean-Marie,101_plus_rare,New Caledonia,male,Estimated New Caledonia male given-name pool for game use
119,Jean-Paul,101_plus_rare,New Caledonia,male,Estimated New Caledonia male given-name pool for game use
120,Kabar,101_plus_rare,New Caledonia,male,Estimated New Caledonia male given-name pool for game use
121,Wamytan,101_plus_rare,New Caledonia,male,Estimated New Caledonia male given-name pool for game use
122,Waheo,101_plus_rare,New Caledonia,male,Estimated New Caledonia male given-name pool for game use
123,Benebig,101_plus_rare,New Caledonia,male,Estimated New Caledonia male given-name pool for game use
124,Mwe,101_plus_rare,New Caledonia,male,Estimated New Caledonia male given-name pool for game use
125,Mare,101_plus_rare,New Caledonia,male,Estimated New Caledonia male given-name pool for game use
126,Mapou,101_plus_rare,New Caledonia,male,Estimated New Caledonia male given-name pool for game use
127,Gowe,101_plus_rare,New Caledonia,male,Estimated New Caledonia male given-name pool for game use
128,Weiss,101_plus_rare,New Caledonia,male,Estimated New Caledonia male given-name pool for game use
129,Courtot,101_plus_rare,New Caledonia,male,Estimated New Caledonia male given-name pool for game use
130,Fabre,101_plus_rare,New Caledonia,male,Estimated New Caledonia male given-name pool for game use
131,Gastaldi,101_plus_rare,New Caledonia,male,Estimated New Caledonia male given-name pool for game use
132,Launay,101_plus_rare,New Caledonia,male,Estimated New Caledonia male given-name pool for game use
133,Marlier,101_plus_rare,New Caledonia,male,Estimated New Caledonia male given-name pool for game use
134,Delrieu,101_plus_rare,New Caledonia,male,Estimated New Caledonia male given-name pool for game use
135,Song,101_plus_rare,New Caledonia,male,Estimated New Caledonia male given-name pool for game use
136,Tjibaou,101_plus_rare,New Caledonia,male,Estimated New Caledonia male given-name pool for game use
137,Naisseline,101_plus_rare,New Caledonia,male,Estimated New Caledonia male given-name pool for game use
138,Nidoish,101_plus_rare,New Caledonia,male,Estimated New Caledonia male given-name pool for game use
139,Bako,101_plus_rare,New Caledonia,male,Estimated New Caledonia male given-name pool for game use
