Rank,Name,RarityLayer,Pool,Gender,Notes
1,Muhammad,top_20_very_common,Pakistan Sindhi,male,Estimated Pakistan Sindhi male given-name pool
2,Mohammad,top_20_very_common,Pakistan Sindhi,male,Estimated Pakistan Sindhi male given-name pool
3,Abdul,top_20_very_common,Pakistan Sindhi,male,Estimated Pakistan Sindhi male given-name pool
4,Ghulam,top_20_very_common,Pakistan Sindhi,male,Estimated Pakistan Sindhi male given-name pool
5,Noor,top_20_very_common,Pakistan Sindhi,male,Estimated Pakistan Sindhi male given-name pool
6,Ali,top_20_very_common,Pakistan Sindhi,male,Estimated Pakistan Sindhi male given-name pool
7,Syed,top_20_very_common,Pakistan Sindhi,male,Estimated Pakistan Sindhi male given-name pool
8,Ahmed,top_20_very_common,Pakistan Sindhi,male,Estimated Pakistan Sindhi male given-name pool
9,Aijaz,top_20_very_common,Pakistan Sindhi,male,Estimated Pakistan Sindhi male given-name pool
10,Akbar,top_20_very_common,Pakistan Sindhi,male,Estimated Pakistan Sindhi male given-name pool
11,Allah Dino,top_20_very_common,Pakistan Sindhi,male,Estimated Pakistan Sindhi male given-name pool
12,Allah Bachayo,top_20_very_common,Pakistan Sindhi,male,Estimated Pakistan Sindhi male given-name pool
13,Allah Rakhio,top_20_very_common,Pakistan Sindhi,male,Estimated Pakistan Sindhi male given-name pool
14,Allah Wasayo,top_20_very_common,Pakistan Sindhi,male,Estimated Pakistan Sindhi male given-name pool
15,Amar,top_20_very_common,Pakistan Sindhi,male,Estimated Pakistan Sindhi male given-name pool
16,Anwar,top_20_very_common,Pakistan Sindhi,male,Estimated Pakistan Sindhi male given-name pool
17,Asghar,top_20_very_common,Pakistan Sindhi,male,Estimated Pakistan Sindhi male given-name pool
18,Ayub,top_20_very_common,Pakistan Sindhi,male,Estimated Pakistan Sindhi male given-name pool
19,Azhar,top_20_very_common,Pakistan Sindhi,male,Estimated Pakistan Sindhi male given-name pool
20,Bashir,top_20_very_common,Pakistan Sindhi,male,Estimated Pakistan Sindhi male given-name pool
21,Bux,21_50_common,Pakistan Sindhi,male,Estimated Pakistan Sindhi male given-name pool
22,Baksh,21_50_common,Pakistan Sindhi,male,Estimated Pakistan Sindhi male given-name pool
23,Bachal,21_50_common,Pakistan Sindhi,male,Estimated Pakistan Sindhi male given-name pool
24,Bahar,21_50_common,Pakistan Sindhi,male,Estimated Pakistan Sindhi male given-name pool
25,Dino,21_50_common,Pakistan Sindhi,male,Estimated Pakistan Sindhi male given-name pool
26,Darya Khan,21_50_common,Pakistan Sindhi,male,Estimated Pakistan Sindhi male given-name pool
27,Dildar,21_50_common,Pakistan Sindhi,male,Estimated Pakistan Sindhi male given-name pool
28,Fakir,21_50_common,Pakistan Sindhi,male,Estimated Pakistan Sindhi male given-name pool
29,Fateh,21_50_common,Pakistan Sindhi,male,Estimated Pakistan Sindhi male given-name pool
30,Ghulam Ali,21_50_common,Pakistan Sindhi,male,Estimated Pakistan Sindhi male given-name pool
31,Ghulam Haider,21_50_common,Pakistan Sindhi,male,Estimated Pakistan Sindhi male given-name pool
32,Ghulam Hussain,21_50_common,Pakistan Sindhi,male,Estimated Pakistan Sindhi male given-name pool
33,Ghulam Mustafa,21_50_common,Pakistan Sindhi,male,Estimated Pakistan Sindhi male given-name pool
34,Ghulam Nabi,21_50_common,Pakistan Sindhi,male,Estimated Pakistan Sindhi male given-name pool
35,Ghulam Rasool,21_50_common,Pakistan Sindhi,male,Estimated Pakistan Sindhi male given-name pool
36,Hassan,21_50_common,Pakistan Sindhi,male,Estimated Pakistan Sindhi male given-name pool
37,Hussain,21_50_common,Pakistan Sindhi,male,Estimated Pakistan Sindhi male given-name pool
38,Imdad,21_50_common,Pakistan Sindhi,male,Estimated Pakistan Sindhi male given-name pool
39,Imtiaz,21_50_common,Pakistan Sindhi,male,Estimated Pakistan Sindhi male given-name pool
40,Ishaq,21_50_common,Pakistan Sindhi,male,Estimated Pakistan Sindhi male given-name pool
41,Jamal,21_50_common,Pakistan Sindhi,male,Estimated Pakistan Sindhi male given-name pool
42,Jatoi,21_50_common,Pakistan Sindhi,male,Estimated Pakistan Sindhi male given-name pool
43,Kamal,21_50_common,Pakistan Sindhi,male,Estimated Pakistan Sindhi male given-name pool
44,Khalid,21_50_common,Pakistan Sindhi,male,Estimated Pakistan Sindhi male given-name pool
45,Khan,21_50_common,Pakistan Sindhi,male,Estimated Pakistan Sindhi male given-name pool
46,Khair Muhammad,21_50_common,Pakistan Sindhi,male,Estimated Pakistan Sindhi male given-name pool
47,Khairan,21_50_common,Pakistan Sindhi,male,Estimated Pakistan Sindhi male given-name pool
48,Lal,21_50_common,Pakistan Sindhi,male,Estimated Pakistan Sindhi male given-name pool
49,Liaquat,21_50_common,Pakistan Sindhi,male,Estimated Pakistan Sindhi male given-name pool
50,Maqsood,21_50_common,Pakistan Sindhi,male,Estimated Pakistan Sindhi male given-name pool
51,Mazhar,51_100_normal,Pakistan Sindhi,male,Estimated Pakistan Sindhi male given-name pool
52,Mehar,51_100_normal,Pakistan Sindhi,male,Estimated Pakistan Sindhi male given-name pool
53,Mehran,51_100_normal,Pakistan Sindhi,male,Estimated Pakistan Sindhi male given-name pool
54,Mir,51_100_normal,Pakistan Sindhi,male,Estimated Pakistan Sindhi male given-name pool
55,Mir Muhammad,51_100_normal,Pakistan Sindhi,male,Estimated Pakistan Sindhi male given-name pool
56,Mithal,51_100_normal,Pakistan Sindhi,male,Estimated Pakistan Sindhi male given-name pool
57,Mumtaz,51_100_normal,Pakistan Sindhi,male,Estimated Pakistan Sindhi male given-name pool
58,Murad,51_100_normal,Pakistan Sindhi,male,Estimated Pakistan Sindhi male given-name pool
59,Nabi Bux,51_100_normal,Pakistan Sindhi,male,Estimated Pakistan Sindhi male given-name pool
60,Naeem,51_100_normal,Pakistan Sindhi,male,Estimated Pakistan Sindhi male given-name pool
61,Naimat,51_100_normal,Pakistan Sindhi,male,Estimated Pakistan Sindhi male given-name pool
62,Naseer,51_100_normal,Pakistan Sindhi,male,Estimated Pakistan Sindhi male given-name pool
63,Nazir,51_100_normal,Pakistan Sindhi,male,Estimated Pakistan Sindhi male given-name pool
64,Noor Muhammad,51_100_normal,Pakistan Sindhi,male,Estimated Pakistan Sindhi male given-name pool
65,Qadir,51_100_normal,Pakistan Sindhi,male,Estimated Pakistan Sindhi male given-name pool
66,Qurban,51_100_normal,Pakistan Sindhi,male,Estimated Pakistan Sindhi male given-name pool
67,Rashid,51_100_normal,Pakistan Sindhi,male,Estimated Pakistan Sindhi male given-name pool
68,Rasool Bux,51_100_normal,Pakistan Sindhi,male,Estimated Pakistan Sindhi male given-name pool
69,Riaz,51_100_normal,Pakistan Sindhi,male,Estimated Pakistan Sindhi male given-name pool
70,Sabir,51_100_normal,Pakistan Sindhi,male,Estimated Pakistan Sindhi male given-name pool
71,Saeed,51_100_normal,Pakistan Sindhi,male,Estimated Pakistan Sindhi male given-name pool
72,Saleh,51_100_normal,Pakistan Sindhi,male,Estimated Pakistan Sindhi male given-name pool
73,Sattar,51_100_normal,Pakistan Sindhi,male,Estimated Pakistan Sindhi male given-name pool
74,Shah,51_100_normal,Pakistan Sindhi,male,Estimated Pakistan Sindhi male given-name pool
75,Shahbaz,51_100_normal,Pakistan Sindhi,male,Estimated Pakistan Sindhi male given-name pool
76,Shahnawaz,51_100_normal,Pakistan Sindhi,male,Estimated Pakistan Sindhi male given-name pool
77,Sikandar,51_100_normal,Pakistan Sindhi,male,Estimated Pakistan Sindhi male given-name pool
78,Siraj,51_100_normal,Pakistan Sindhi,male,Estimated Pakistan Sindhi male given-name pool
79,Soomar,51_100_normal,Pakistan Sindhi,male,Estimated Pakistan Sindhi male given-name pool
80,Suleman,51_100_normal,Pakistan Sindhi,male,Estimated Pakistan Sindhi male given-name pool
81,Taj Muhammad,51_100_normal,Pakistan Sindhi,male,Estimated Pakistan Sindhi male given-name pool
82,Tajuddin,51_100_normal,Pakistan Sindhi,male,Estimated Pakistan Sindhi male given-name pool
83,Tahir,51_100_normal,Pakistan Sindhi,male,Estimated Pakistan Sindhi male given-name pool
84,Tajmal,51_100_normal,Pakistan Sindhi,male,Estimated Pakistan Sindhi male given-name pool
85,Umar,51_100_normal,Pakistan Sindhi,male,Estimated Pakistan Sindhi male given-name pool
86,Wahid,51_100_normal,Pakistan Sindhi,male,Estimated Pakistan Sindhi male given-name pool
87,Wali Muhammad,51_100_normal,Pakistan Sindhi,male,Estimated Pakistan Sindhi male given-name pool
88,Yar Muhammad,51_100_normal,Pakistan Sindhi,male,Estimated Pakistan Sindhi male given-name pool
89,Yousaf,51_100_normal,Pakistan Sindhi,male,Estimated Pakistan Sindhi male given-name pool
90,Zahid,51_100_normal,Pakistan Sindhi,male,Estimated Pakistan Sindhi male given-name pool
91,Zaman,51_100_normal,Pakistan Sindhi,male,Estimated Pakistan Sindhi male given-name pool
92,Zubair,51_100_normal,Pakistan Sindhi,male,Estimated Pakistan Sindhi male given-name pool
93,Akash,51_100_normal,Pakistan Sindhi,male,Estimated Pakistan Sindhi male given-name pool
94,Achar,51_100_normal,Pakistan Sindhi,male,Estimated Pakistan Sindhi male given-name pool
95,Ailaz,51_100_normal,Pakistan Sindhi,male,Estimated Pakistan Sindhi male given-name pool
96,Aqqan,51_100_normal,Pakistan Sindhi,male,Estimated Pakistan Sindhi male given-name pool
97,Aslam,51_100_normal,Pakistan Sindhi,male,Estimated Pakistan Sindhi male given-name pool
98,Atta,51_100_normal,Pakistan Sindhi,male,Estimated Pakistan Sindhi male given-name pool
99,Dilshad,51_100_normal,Pakistan Sindhi,male,Estimated Pakistan Sindhi male given-name pool
100,Gul Muhammad,51_100_normal,Pakistan Sindhi,male,Estimated Pakistan Sindhi male given-name pool
101,Hameed,101_plus_rare,Pakistan Sindhi,male,Estimated Pakistan Sindhi male given-name pool
102,Hidayat,101_plus_rare,Pakistan Sindhi,male,Estimated Pakistan Sindhi male given-name pool
103,Juman,101_plus_rare,Pakistan Sindhi,male,Estimated Pakistan Sindhi male given-name pool
104,Koonj,101_plus_rare,Pakistan Sindhi,male,Estimated Pakistan Sindhi male given-name pool
105,Koonjal,101_plus_rare,Pakistan Sindhi,male,Estimated Pakistan Sindhi male given-name pool
106,Maana,101_plus_rare,Pakistan Sindhi,male,Estimated Pakistan Sindhi male given-name pool
107,Maak,101_plus_rare,Pakistan Sindhi,male,Estimated Pakistan Sindhi male given-name pool
108,Niaz,101_plus_rare,Pakistan Sindhi,male,Estimated Pakistan Sindhi male given-name pool
109,Nizam,101_plus_rare,Pakistan Sindhi,male,Estimated Pakistan Sindhi male given-name pool
110,Nisar,101_plus_rare,Pakistan Sindhi,male,Estimated Pakistan Sindhi male given-name pool
111,Panhwar,101_plus_rare,Pakistan Sindhi,male,Estimated Pakistan Sindhi male given-name pool
112,Pir Bux,101_plus_rare,Pakistan Sindhi,male,Estimated Pakistan Sindhi male given-name pool
113,Pirah,101_plus_rare,Pakistan Sindhi,male,Estimated Pakistan Sindhi male given-name pool
114,Pirbhat,101_plus_rare,Pakistan Sindhi,male,Estimated Pakistan Sindhi male given-name pool
115,Sadar,101_plus_rare,Pakistan Sindhi,male,Estimated Pakistan Sindhi male given-name pool
116,Sadiq,101_plus_rare,Pakistan Sindhi,male,Estimated Pakistan Sindhi male given-name pool
117,Sain,101_plus_rare,Pakistan Sindhi,male,Estimated Pakistan Sindhi male given-name pool
118,Salar,101_plus_rare,Pakistan Sindhi,male,Estimated Pakistan Sindhi male given-name pool
119,Samar,101_plus_rare,Pakistan Sindhi,male,Estimated Pakistan Sindhi male given-name pool
120,Sattar Ali,101_plus_rare,Pakistan Sindhi,male,Estimated Pakistan Sindhi male given-name pool
121,Shafi,101_plus_rare,Pakistan Sindhi,male,Estimated Pakistan Sindhi male given-name pool
122,Shamim,101_plus_rare,Pakistan Sindhi,male,Estimated Pakistan Sindhi male given-name pool
123,Sikandar Ali,101_plus_rare,Pakistan Sindhi,male,Estimated Pakistan Sindhi male given-name pool
124,Soonharo,101_plus_rare,Pakistan Sindhi,male,Estimated Pakistan Sindhi male given-name pool
125,Soomro,101_plus_rare,Pakistan Sindhi,male,Estimated Pakistan Sindhi male given-name pool
126,Sukhan,101_plus_rare,Pakistan Sindhi,male,Estimated Pakistan Sindhi male given-name pool
127,Tajul,101_plus_rare,Pakistan Sindhi,male,Estimated Pakistan Sindhi male given-name pool
128,Umeer,101_plus_rare,Pakistan Sindhi,male,Estimated Pakistan Sindhi male given-name pool
129,Waseem,101_plus_rare,Pakistan Sindhi,male,Estimated Pakistan Sindhi male given-name pool
130,Yar Ali,101_plus_rare,Pakistan Sindhi,male,Estimated Pakistan Sindhi male given-name pool
131,Zulfikar,101_plus_rare,Pakistan Sindhi,male,Estimated Pakistan Sindhi male given-name pool
132,Bhittai,101_plus_rare,Pakistan Sindhi,male,Estimated Pakistan Sindhi male given-name pool
133,Sachal,101_plus_rare,Pakistan Sindhi,male,Estimated Pakistan Sindhi male given-name pool
134,Mureed,101_plus_rare,Pakistan Sindhi,male,Estimated Pakistan Sindhi male given-name pool
135,Qazi,101_plus_rare,Pakistan Sindhi,male,Estimated Pakistan Sindhi male given-name pool
136,Sajan,101_plus_rare,Pakistan Sindhi,male,Estimated Pakistan Sindhi male given-name pool
137,Anis,101_plus_rare,Pakistan Sindhi,male,Estimated Pakistan Sindhi male given-name pool
138,Arif,101_plus_rare,Pakistan Sindhi,male,Estimated Pakistan Sindhi male given-name pool
139,Amanullah,101_plus_rare,Pakistan Sindhi,male,Estimated Pakistan Sindhi male given-name pool
140,Jan Muhammad,101_plus_rare,Pakistan Sindhi,male,Estimated Pakistan Sindhi male given-name pool
141,Abdul Fattah,101_plus_rare,Pakistan Sindhi,male,Estimated Pakistan Sindhi male given-name pool
142,Abdul Ghafoor,101_plus_rare,Pakistan Sindhi,male,Estimated Pakistan Sindhi male given-name pool
143,Abdul Hameed,101_plus_rare,Pakistan Sindhi,male,Estimated Pakistan Sindhi male given-name pool
144,Abdul Karim,101_plus_rare,Pakistan Sindhi,male,Estimated Pakistan Sindhi male given-name pool
145,Abdul Khaliq,101_plus_rare,Pakistan Sindhi,male,Estimated Pakistan Sindhi male given-name pool
146,Abdul Majeed,101_plus_rare,Pakistan Sindhi,male,Estimated Pakistan Sindhi male given-name pool
147,Abdul Qadir,101_plus_rare,Pakistan Sindhi,male,Estimated Pakistan Sindhi male given-name pool
148,Abdul Razzaq,101_plus_rare,Pakistan Sindhi,male,Estimated Pakistan Sindhi male given-name pool
149,Abdul Rehman,101_plus_rare,Pakistan Sindhi,male,Estimated Pakistan Sindhi male given-name pool
150,Abdul Sattar,101_plus_rare,Pakistan Sindhi,male,Estimated Pakistan Sindhi male given-name pool
151,Abdul Wahid,101_plus_rare,Pakistan Sindhi,male,Estimated Pakistan Sindhi male given-name pool
152,Abdullah,101_plus_rare,Pakistan Sindhi,male,Estimated Pakistan Sindhi male given-name pool
153,Ameer Ali,101_plus_rare,Pakistan Sindhi,male,Estimated Pakistan Sindhi male given-name pool
154,Atta Muhammad,101_plus_rare,Pakistan Sindhi,male,Estimated Pakistan Sindhi male given-name pool
155,Ayoob,101_plus_rare,Pakistan Sindhi,male,Estimated Pakistan Sindhi male given-name pool
156,Basharat,101_plus_rare,Pakistan Sindhi,male,Estimated Pakistan Sindhi male given-name pool
157,Bismillah,101_plus_rare,Pakistan Sindhi,male,Estimated Pakistan Sindhi male given-name pool
158,Chakar,101_plus_rare,Pakistan Sindhi,male,Estimated Pakistan Sindhi male given-name pool
159,Dino Muhammad,101_plus_rare,Pakistan Sindhi,male,Estimated Pakistan Sindhi male given-name pool
160,Faqeer Muhammad,101_plus_rare,Pakistan Sindhi,male,Estimated Pakistan Sindhi male given-name pool
161,Fazal Muhammad,101_plus_rare,Pakistan Sindhi,male,Estimated Pakistan Sindhi male given-name pool
162,Fazal Rahim,101_plus_rare,Pakistan Sindhi,male,Estimated Pakistan Sindhi male given-name pool
163,Fida Hussain,101_plus_rare,Pakistan Sindhi,male,Estimated Pakistan Sindhi male given-name pool
164,Ghulam Akbar,101_plus_rare,Pakistan Sindhi,male,Estimated Pakistan Sindhi male given-name pool
165,Ghulam Murtaza,101_plus_rare,Pakistan Sindhi,male,Estimated Pakistan Sindhi male given-name pool
166,Ghulam Qadir,101_plus_rare,Pakistan Sindhi,male,Estimated Pakistan Sindhi male given-name pool
167,Ghulam Sarwar,101_plus_rare,Pakistan Sindhi,male,Estimated Pakistan Sindhi male given-name pool
168,Ghulam Yaseen,101_plus_rare,Pakistan Sindhi,male,Estimated Pakistan Sindhi male given-name pool
169,Gul Hassan,101_plus_rare,Pakistan Sindhi,male,Estimated Pakistan Sindhi male given-name pool
170,Hafeez,101_plus_rare,Pakistan Sindhi,male,Estimated Pakistan Sindhi male given-name pool
171,Haq Nawaz,101_plus_rare,Pakistan Sindhi,male,Estimated Pakistan Sindhi male given-name pool
172,Hidayatullah,101_plus_rare,Pakistan Sindhi,male,Estimated Pakistan Sindhi male given-name pool
173,Hussain Bux,101_plus_rare,Pakistan Sindhi,male,Estimated Pakistan Sindhi male given-name pool
174,Imam Bux,101_plus_rare,Pakistan Sindhi,male,Estimated Pakistan Sindhi male given-name pool
175,Inayat Ali,101_plus_rare,Pakistan Sindhi,male,Estimated Pakistan Sindhi male given-name pool
176,Jalal,101_plus_rare,Pakistan Sindhi,male,Estimated Pakistan Sindhi male given-name pool
177,Javed,101_plus_rare,Pakistan Sindhi,male,Estimated Pakistan Sindhi male given-name pool
178,Jiskani,101_plus_rare,Pakistan Sindhi,male,Estimated Pakistan Sindhi male given-name pool
179,Juman Khan,101_plus_rare,Pakistan Sindhi,male,Estimated Pakistan Sindhi male given-name pool
180,Khadim,101_plus_rare,Pakistan Sindhi,male,Estimated Pakistan Sindhi male given-name pool
181,Khair Din,101_plus_rare,Pakistan Sindhi,male,Estimated Pakistan Sindhi male given-name pool
182,Khuda Bux,101_plus_rare,Pakistan Sindhi,male,Estimated Pakistan Sindhi male given-name pool
183,Khuda Dad,101_plus_rare,Pakistan Sindhi,male,Estimated Pakistan Sindhi male given-name pool
184,Khushi Muhammad,101_plus_rare,Pakistan Sindhi,male,Estimated Pakistan Sindhi male given-name pool
185,Liaqat Ali,101_plus_rare,Pakistan Sindhi,male,Estimated Pakistan Sindhi male given-name pool
186,Maqbool,101_plus_rare,Pakistan Sindhi,male,Estimated Pakistan Sindhi male given-name pool
187,Mithu,101_plus_rare,Pakistan Sindhi,male,Estimated Pakistan Sindhi male given-name pool
188,Muhammad Bux,101_plus_rare,Pakistan Sindhi,male,Estimated Pakistan Sindhi male given-name pool
189,Nabi Dino,101_plus_rare,Pakistan Sindhi,male,Estimated Pakistan Sindhi male given-name pool
190,Nabi Dad,101_plus_rare,Pakistan Sindhi,male,Estimated Pakistan Sindhi male given-name pool
191,Nazar Ali,101_plus_rare,Pakistan Sindhi,male,Estimated Pakistan Sindhi male given-name pool
192,Noor Ahmed,101_plus_rare,Pakistan Sindhi,male,Estimated Pakistan Sindhi male given-name pool
193,Noorullah,101_plus_rare,Pakistan Sindhi,male,Estimated Pakistan Sindhi male given-name pool
194,Pyar Ali,101_plus_rare,Pakistan Sindhi,male,Estimated Pakistan Sindhi male given-name pool
195,Rais Ali,101_plus_rare,Pakistan Sindhi,male,Estimated Pakistan Sindhi male given-name pool
196,Rasul Dino,101_plus_rare,Pakistan Sindhi,male,Estimated Pakistan Sindhi male given-name pool
197,Riaz Ahmed,101_plus_rare,Pakistan Sindhi,male,Estimated Pakistan Sindhi male given-name pool
198,Sadiq Ali,101_plus_rare,Pakistan Sindhi,male,Estimated Pakistan Sindhi male given-name pool
199,Sain Dino,101_plus_rare,Pakistan Sindhi,male,Estimated Pakistan Sindhi male given-name pool
200,Salahuddin,101_plus_rare,Pakistan Sindhi,male,Estimated Pakistan Sindhi male given-name pool
201,Sarmad,101_plus_rare,Pakistan Sindhi,male,Estimated Pakistan Sindhi male given-name pool
202,Shabbir,101_plus_rare,Pakistan Sindhi,male,Estimated Pakistan Sindhi male given-name pool
203,Shahnawaz Ali,101_plus_rare,Pakistan Sindhi,male,Estimated Pakistan Sindhi male given-name pool
204,Sher Muhammad,101_plus_rare,Pakistan Sindhi,male,Estimated Pakistan Sindhi male given-name pool
205,Sikandar Bux,101_plus_rare,Pakistan Sindhi,male,Estimated Pakistan Sindhi male given-name pool
206,Sirajuddin,101_plus_rare,Pakistan Sindhi,male,Estimated Pakistan Sindhi male given-name pool
207,Soomar Khan,101_plus_rare,Pakistan Sindhi,male,Estimated Pakistan Sindhi male given-name pool
208,Sultan Ali,101_plus_rare,Pakistan Sindhi,male,Estimated Pakistan Sindhi male given-name pool
209,Taj Bux,101_plus_rare,Pakistan Sindhi,male,Estimated Pakistan Sindhi male given-name pool
210,Wajid Ali,101_plus_rare,Pakistan Sindhi,male,Estimated Pakistan Sindhi male given-name pool
211,Yar Bux,101_plus_rare,Pakistan Sindhi,male,Estimated Pakistan Sindhi male given-name pool
212,Yar Khan,101_plus_rare,Pakistan Sindhi,male,Estimated Pakistan Sindhi male given-name pool
213,Zameer,101_plus_rare,Pakistan Sindhi,male,Estimated Pakistan Sindhi male given-name pool
214,Ziaullah,101_plus_rare,Pakistan Sindhi,male,Estimated Pakistan Sindhi male given-name pool
215,Akhtar Hussain,101_plus_rare,Pakistan Sindhi,male,Estimated Pakistan Sindhi male given-name pool
216,Arbab,101_plus_rare,Pakistan Sindhi,male,Estimated Pakistan Sindhi male given-name pool
217,Asghar Ali,101_plus_rare,Pakistan Sindhi,male,Estimated Pakistan Sindhi male given-name pool
218,Fayaz,101_plus_rare,Pakistan Sindhi,male,Estimated Pakistan Sindhi male given-name pool
219,Feroze,101_plus_rare,Pakistan Sindhi,male,Estimated Pakistan Sindhi male given-name pool
220,Ghulam Raza,101_plus_rare,Pakistan Sindhi,male,Estimated Pakistan Sindhi male given-name pool
221,Hameed Ali,101_plus_rare,Pakistan Sindhi,male,Estimated Pakistan Sindhi male given-name pool
222,Irfan Ali,101_plus_rare,Pakistan Sindhi,male,Estimated Pakistan Sindhi male given-name pool
223,Jalbani,101_plus_rare,Pakistan Sindhi,male,Estimated Pakistan Sindhi male given-name pool
224,Murtaza Ali,101_plus_rare,Pakistan Sindhi,male,Estimated Pakistan Sindhi male given-name pool
225,Pahlaj,101_plus_rare,Pakistan Sindhi,male,Estimated Pakistan Sindhi male given-name pool
226,Qadir Bux,101_plus_rare,Pakistan Sindhi,male,Estimated Pakistan Sindhi male given-name pool
