Rank,GivenName,Tier,Notes
1,Akeem,common_overlap,African American male given-name pool; intended to mix with broader US pools
2,Amare,common_overlap,African American male given-name pool; intended to mix with broader US pools
3,Amari,common_overlap,African American male given-name pool; intended to mix with broader US pools
4,Andre,core_common,African American male given-name pool; intended to mix with broader US pools
5,Antoine,core_common,African American male given-name pool; intended to mix with broader US pools
6,Antwan,common_overlap,African American male given-name pool; intended to mix with broader US pools
7,Damarion,common_overlap,African American male given-name pool; intended to mix with broader US pools
8,D'Andre,stylized_distinctive,African American male given-name pool; intended to mix with broader US pools
9,D'Angelo,stylized_distinctive,African American male given-name pool; intended to mix with broader US pools
10,Daquan,stylized_distinctive,African American male given-name pool; intended to mix with broader US pools
11,Darnell,core_common,African American male given-name pool; intended to mix with broader US pools
12,Darrell,core_common,African American male given-name pool; intended to mix with broader US pools
13,Darryl,core_common,African American male given-name pool; intended to mix with broader US pools
14,Dashawn,stylized_distinctive,African American male given-name pool; intended to mix with broader US pools
15,Davion,common_overlap,African American male given-name pool; intended to mix with broader US pools
16,Davon,common_overlap,African American male given-name pool; intended to mix with broader US pools
17,Davonte,stylized_distinctive,African American male given-name pool; intended to mix with broader US pools
18,DeAndre,core_common,African American male given-name pool; intended to mix with broader US pools
19,DeAngelo,stylized_distinctive,African American male given-name pool; intended to mix with broader US pools
20,Dedrick,common_overlap,African American male given-name pool; intended to mix with broader US pools
21,Deion,core_common,African American male given-name pool; intended to mix with broader US pools
22,DeMarcus,core_common,African American male given-name pool; intended to mix with broader US pools
23,DeMario,stylized_distinctive,African American male given-name pool; intended to mix with broader US pools
24,Deon,core_common,African American male given-name pool; intended to mix with broader US pools
25,Deonte,core_common,African American male given-name pool; intended to mix with broader US pools
26,Deshaun,common_overlap,African American male given-name pool; intended to mix with broader US pools
27,Deshawn,core_common,African American male given-name pool; intended to mix with broader US pools
28,Devante,common_overlap,African American male given-name pool; intended to mix with broader US pools
29,Devon,common_overlap,African American male given-name pool; intended to mix with broader US pools
30,Devontae,stylized_distinctive,African American male given-name pool; intended to mix with broader US pools
31,Devonte,common_overlap,African American male given-name pool; intended to mix with broader US pools
32,Donte,common_overlap,African American male given-name pool; intended to mix with broader US pools
33,Ivory,common_overlap,African American male given-name pool; intended to mix with broader US pools
34,Jabari,core_common,African American male given-name pool; intended to mix with broader US pools
35,Jakai,common_overlap,African American male given-name pool; intended to mix with broader US pools
36,Jalen,core_common,African American male given-name pool; intended to mix with broader US pools
37,Jamaal,core_common,African American male given-name pool; intended to mix with broader US pools
38,Jamaar,common_overlap,African American male given-name pool; intended to mix with broader US pools
39,Jamal,core_common,African American male given-name pool; intended to mix with broader US pools
40,Jamar,core_common,African American male given-name pool; intended to mix with broader US pools
41,JaMarcus,stylized_distinctive,African American male given-name pool; intended to mix with broader US pools
42,Jamari,common_overlap,African American male given-name pool; intended to mix with broader US pools
43,Jamarion,core_common,African American male given-name pool; intended to mix with broader US pools
44,Jamir,common_overlap,African American male given-name pool; intended to mix with broader US pools
45,Jaquan,stylized_distinctive,African American male given-name pool; intended to mix with broader US pools
46,Jaren,common_overlap,African American male given-name pool; intended to mix with broader US pools
47,Jaron,common_overlap,African American male given-name pool; intended to mix with broader US pools
48,Javion,common_overlap,African American male given-name pool; intended to mix with broader US pools
49,Javon,core_common,African American male given-name pool; intended to mix with broader US pools
50,Javonte,core_common,African American male given-name pool; intended to mix with broader US pools
51,Jaylen,common_overlap,African American male given-name pool; intended to mix with broader US pools
52,Jaylin,common_overlap,African American male given-name pool; intended to mix with broader US pools
53,Jaylon,common_overlap,African American male given-name pool; intended to mix with broader US pools
54,Jelani,core_common,African American male given-name pool; intended to mix with broader US pools
55,Jermaine,core_common,African American male given-name pool; intended to mix with broader US pools
56,Juwan,core_common,African American male given-name pool; intended to mix with broader US pools
57,Kamari,common_overlap,African American male given-name pool; intended to mix with broader US pools
58,Kanye,common_overlap,African American male given-name pool; intended to mix with broader US pools
59,Kenyatta,core_common,African American male given-name pool; intended to mix with broader US pools
60,Keshaun,stylized_distinctive,African American male given-name pool; intended to mix with broader US pools
61,Keshawn,stylized_distinctive,African American male given-name pool; intended to mix with broader US pools
62,Kevon,common_overlap,African American male given-name pool; intended to mix with broader US pools
63,Keyshawn,core_common,African American male given-name pool; intended to mix with broader US pools
64,Kyree,common_overlap,African American male given-name pool; intended to mix with broader US pools
65,Kyrie,common_overlap,African American male given-name pool; intended to mix with broader US pools
66,Kyron,common_overlap,African American male given-name pool; intended to mix with broader US pools
67,Lamar,core_common,African American male given-name pool; intended to mix with broader US pools
68,Lamont,core_common,African American male given-name pool; intended to mix with broader US pools
69,Laquan,stylized_distinctive,African American male given-name pool; intended to mix with broader US pools
70,LaShawn,stylized_distinctive,African American male given-name pool; intended to mix with broader US pools
71,LeBron,common_overlap,African American male given-name pool; intended to mix with broader US pools
72,Levar,common_overlap,African American male given-name pool; intended to mix with broader US pools
73,Makai,common_overlap,African American male given-name pool; intended to mix with broader US pools
74,Marques,common_overlap,African American male given-name pool; intended to mix with broader US pools
75,Marquis,core_common,African American male given-name pool; intended to mix with broader US pools
76,Marquise,common_overlap,African American male given-name pool; intended to mix with broader US pools
77,Mekhi,common_overlap,African American male given-name pool; intended to mix with broader US pools
78,Rashaun,common_overlap,African American male given-name pool; intended to mix with broader US pools
79,Rashawn,core_common,African American male given-name pool; intended to mix with broader US pools
80,Semaj,common_overlap,African American male given-name pool; intended to mix with broader US pools
81,Shaquan,stylized_distinctive,African American male given-name pool; intended to mix with broader US pools
82,Shaquille,core_common,African American male given-name pool; intended to mix with broader US pools
83,Stephon,common_overlap,African American male given-name pool; intended to mix with broader US pools
84,Tavon,common_overlap,African American male given-name pool; intended to mix with broader US pools
85,Terell,common_overlap,African American male given-name pool; intended to mix with broader US pools
86,Terrell,core_common,African American male given-name pool; intended to mix with broader US pools
87,Trayvon,stylized_distinctive,African American male given-name pool; intended to mix with broader US pools
88,Trevon,core_common,African American male given-name pool; intended to mix with broader US pools
89,Treyvon,stylized_distinctive,African American male given-name pool; intended to mix with broader US pools
90,Tyquan,core_common,African American male given-name pool; intended to mix with broader US pools
91,Tyree,core_common,African American male given-name pool; intended to mix with broader US pools
92,Tyreek,common_overlap,African American male given-name pool; intended to mix with broader US pools
93,Tyrell,core_common,African American male given-name pool; intended to mix with broader US pools
94,Tyrese,core_common,African American male given-name pool; intended to mix with broader US pools
95,Tyrik,common_overlap,African American male given-name pool; intended to mix with broader US pools
96,Tyriq,stylized_distinctive,African American male given-name pool; intended to mix with broader US pools
97,Tyrique,stylized_distinctive,African American male given-name pool; intended to mix with broader US pools
98,Tyrone,core_common,African American male given-name pool; intended to mix with broader US pools
99,Tyshawn,stylized_distinctive,African American male given-name pool; intended to mix with broader US pools
100,Zaire,core_common,African American male given-name pool; intended to mix with broader US pools
101,Zakai,stylized_distinctive,African American male given-name pool; intended to mix with broader US pools
102,Zyair,stylized_distinctive,African American male given-name pool; intended to mix with broader US pools
103,Zyaire,core_common,African American male given-name pool; intended to mix with broader US pools
104,Ameer,common_overlap,African American male given-name pool; intended to mix with broader US pools
105,Amir,common_overlap,African American male given-name pool; intended to mix with broader US pools
106,Anfernee,common_overlap,African American male given-name pool; intended to mix with broader US pools
107,Antavious,common_overlap,African American male given-name pool; intended to mix with broader US pools
108,Antwone,common_overlap,African American male given-name pool; intended to mix with broader US pools
109,Arnez,common_overlap,African American male given-name pool; intended to mix with broader US pools
110,Armon,common_overlap,African American male given-name pool; intended to mix with broader US pools
111,Aundre,common_overlap,African American male given-name pool; intended to mix with broader US pools
112,Aundrey,common_overlap,African American male given-name pool; intended to mix with broader US pools
113,Barkevious,stylized_distinctive,African American male given-name pool; intended to mix with broader US pools
114,Braylon,common_overlap,African American male given-name pool; intended to mix with broader US pools
115,Bryson,common_overlap,African American male given-name pool; intended to mix with broader US pools
116,Byron,common_overlap,African American male given-name pool; intended to mix with broader US pools
117,Cedric,core_common,African American male given-name pool; intended to mix with broader US pools
118,Chauncey,common_overlap,African American male given-name pool; intended to mix with broader US pools
119,Corey,common_overlap,African American male given-name pool; intended to mix with broader US pools
120,Cornell,common_overlap,African American male given-name pool; intended to mix with broader US pools
121,Cortez,common_overlap,African American male given-name pool; intended to mix with broader US pools
122,Curtis,common_overlap,African American male given-name pool; intended to mix with broader US pools
123,D'Juan,common_overlap,African American male given-name pool; intended to mix with broader US pools
124,D'Quan,common_overlap,African American male given-name pool; intended to mix with broader US pools
125,D'Vonte,common_overlap,African American male given-name pool; intended to mix with broader US pools
126,Da'Marcus,common_overlap,African American male given-name pool; intended to mix with broader US pools
127,Da'Mon,common_overlap,African American male given-name pool; intended to mix with broader US pools
128,Dajuan,stylized_distinctive,African American male given-name pool; intended to mix with broader US pools
129,Dakari,common_overlap,African American male given-name pool; intended to mix with broader US pools
130,Damani,common_overlap,African American male given-name pool; intended to mix with broader US pools
131,Damarius,common_overlap,African American male given-name pool; intended to mix with broader US pools
132,Damon,common_overlap,African American male given-name pool; intended to mix with broader US pools
133,Dandre,common_overlap,African American male given-name pool; intended to mix with broader US pools
134,Dangelo,common_overlap,African American male given-name pool; intended to mix with broader US pools
135,Dantae,common_overlap,African American male given-name pool; intended to mix with broader US pools
136,Dante,common_overlap,African American male given-name pool; intended to mix with broader US pools
137,Dantez,common_overlap,African American male given-name pool; intended to mix with broader US pools
138,Darian,common_overlap,African American male given-name pool; intended to mix with broader US pools
139,Darius,core_common,African American male given-name pool; intended to mix with broader US pools
140,Darnarius,stylized_distinctive,African American male given-name pool; intended to mix with broader US pools
141,Darrion,common_overlap,African American male given-name pool; intended to mix with broader US pools
142,Dashaun,common_overlap,African American male given-name pool; intended to mix with broader US pools
143,Dayvon,common_overlap,African American male given-name pool; intended to mix with broader US pools
144,De'Anthony,common_overlap,African American male given-name pool; intended to mix with broader US pools
145,De'Von,common_overlap,African American male given-name pool; intended to mix with broader US pools
146,De'Vonte,common_overlap,African American male given-name pool; intended to mix with broader US pools
147,Deante,common_overlap,African American male given-name pool; intended to mix with broader US pools
148,DeAundre,common_overlap,African American male given-name pool; intended to mix with broader US pools
149,Dedric,common_overlap,African American male given-name pool; intended to mix with broader US pools
150,Dee,common_overlap,African American male given-name pool; intended to mix with broader US pools
151,DeJuan,stylized_distinctive,African American male given-name pool; intended to mix with broader US pools
152,Dekari,common_overlap,African American male given-name pool; intended to mix with broader US pools
153,Delonte,common_overlap,African American male given-name pool; intended to mix with broader US pools
154,Demarion,common_overlap,African American male given-name pool; intended to mix with broader US pools
155,Demarquis,common_overlap,African American male given-name pool; intended to mix with broader US pools
156,Demetrius,core_common,African American male given-name pool; intended to mix with broader US pools
157,Demond,common_overlap,African American male given-name pool; intended to mix with broader US pools
158,Demonte,common_overlap,African American male given-name pool; intended to mix with broader US pools
159,Demorio,common_overlap,African American male given-name pool; intended to mix with broader US pools
160,Denzel,common_overlap,African American male given-name pool; intended to mix with broader US pools
161,DeQuan,stylized_distinctive,African American male given-name pool; intended to mix with broader US pools
162,DeSean,stylized_distinctive,African American male given-name pool; intended to mix with broader US pools
163,DeShon,stylized_distinctive,African American male given-name pool; intended to mix with broader US pools
164,Desmond,common_overlap,African American male given-name pool; intended to mix with broader US pools
165,DeVaughn,common_overlap,African American male given-name pool; intended to mix with broader US pools
166,Devin,common_overlap,African American male given-name pool; intended to mix with broader US pools
167,Dion,common_overlap,African American male given-name pool; intended to mix with broader US pools
168,Donnell,core_common,African American male given-name pool; intended to mix with broader US pools
169,Donnie,common_overlap,African American male given-name pool; intended to mix with broader US pools
170,Donta,common_overlap,African American male given-name pool; intended to mix with broader US pools
171,Dontae,common_overlap,African American male given-name pool; intended to mix with broader US pools
172,Dorian,common_overlap,African American male given-name pool; intended to mix with broader US pools
173,Dwayne,common_overlap,African American male given-name pool; intended to mix with broader US pools
174,Dwight,common_overlap,African American male given-name pool; intended to mix with broader US pools
175,Elijah,common_overlap,African American male given-name pool; intended to mix with broader US pools
176,Eric,common_overlap,African American male given-name pool; intended to mix with broader US pools
177,Eugene,common_overlap,African American male given-name pool; intended to mix with broader US pools
178,Everette,common_overlap,African American male given-name pool; intended to mix with broader US pools
179,Ja'Corey,common_overlap,African American male given-name pool; intended to mix with broader US pools
180,Jabbar,common_overlap,African American male given-name pool; intended to mix with broader US pools
181,Jacari,common_overlap,African American male given-name pool; intended to mix with broader US pools
182,Jaleel,common_overlap,African American male given-name pool; intended to mix with broader US pools
183,Jameel,common_overlap,African American male given-name pool; intended to mix with broader US pools
184,Jamel,common_overlap,African American male given-name pool; intended to mix with broader US pools
185,Jamell,common_overlap,African American male given-name pool; intended to mix with broader US pools
186,Jamon,common_overlap,African American male given-name pool; intended to mix with broader US pools
187,Jaquez,stylized_distinctive,African American male given-name pool; intended to mix with broader US pools
188,Jaheim,stylized_distinctive,African American male given-name pool; intended to mix with broader US pools
189,Jahiem,common_overlap,African American male given-name pool; intended to mix with broader US pools
190,Jahmal,common_overlap,African American male given-name pool; intended to mix with broader US pools
191,Jahmar,rarer_but_plausible,African American male given-name pool; intended to mix with broader US pools
192,Jakorey,rarer_but_plausible,African American male given-name pool; intended to mix with broader US pools
193,Jamaine,rarer_but_plausible,African American male given-name pool; intended to mix with broader US pools
194,Jamere,rarer_but_plausible,African American male given-name pool; intended to mix with broader US pools
195,Jamil,rarer_but_plausible,African American male given-name pool; intended to mix with broader US pools
196,Janard,rarer_but_plausible,African American male given-name pool; intended to mix with broader US pools
197,Jarell,rarer_but_plausible,African American male given-name pool; intended to mix with broader US pools
198,Jarod,rarer_but_plausible,African American male given-name pool; intended to mix with broader US pools
199,Jarquez,rarer_but_plausible,African American male given-name pool; intended to mix with broader US pools
200,Jarrett,rarer_but_plausible,African American male given-name pool; intended to mix with broader US pools
201,Jarvis,rarer_but_plausible,African American male given-name pool; intended to mix with broader US pools
202,Jashawn,rarer_but_plausible,African American male given-name pool; intended to mix with broader US pools
203,Jatavion,rarer_but_plausible,African American male given-name pool; intended to mix with broader US pools
204,Javaris,stylized_distinctive,African American male given-name pool; intended to mix with broader US pools
205,Javeon,rarer_but_plausible,African American male given-name pool; intended to mix with broader US pools
206,Jayceon,rarer_but_plausible,African American male given-name pool; intended to mix with broader US pools
207,Jayon,rarer_but_plausible,African American male given-name pool; intended to mix with broader US pools
208,Jevon,rarer_but_plausible,African American male given-name pool; intended to mix with broader US pools
209,Jordan,rarer_but_plausible,African American male given-name pool; intended to mix with broader US pools
210,Julius,rarer_but_plausible,African American male given-name pool; intended to mix with broader US pools
211,Jurell,rarer_but_plausible,African American male given-name pool; intended to mix with broader US pools
212,Kadeem,core_common,African American male given-name pool; intended to mix with broader US pools
213,Kahlil,rarer_but_plausible,African American male given-name pool; intended to mix with broader US pools
214,Kaleb,rarer_but_plausible,African American male given-name pool; intended to mix with broader US pools
215,Kalief,rarer_but_plausible,African American male given-name pool; intended to mix with broader US pools
216,Kareem,core_common,African American male given-name pool; intended to mix with broader US pools
217,Karon,rarer_but_plausible,African American male given-name pool; intended to mix with broader US pools
218,Kaseem,rarer_but_plausible,African American male given-name pool; intended to mix with broader US pools
219,Keion,rarer_but_plausible,African American male given-name pool; intended to mix with broader US pools
220,KeJuan,rarer_but_plausible,African American male given-name pool; intended to mix with broader US pools
221,Keon,core_common,African American male given-name pool; intended to mix with broader US pools
222,Keron,rarer_but_plausible,African American male given-name pool; intended to mix with broader US pools
223,Khalil,rarer_but_plausible,African American male given-name pool; intended to mix with broader US pools
224,Khari,rarer_but_plausible,African American male given-name pool; intended to mix with broader US pools
225,Kijuan,rarer_but_plausible,African American male given-name pool; intended to mix with broader US pools
226,Kijon,rarer_but_plausible,African American male given-name pool; intended to mix with broader US pools
227,Kisean,rarer_but_plausible,African American male given-name pool; intended to mix with broader US pools
228,Kordell,rarer_but_plausible,African American male given-name pool; intended to mix with broader US pools
229,Kory,rarer_but_plausible,African American male given-name pool; intended to mix with broader US pools
230,La'Darius,stylized_distinctive,African American male given-name pool; intended to mix with broader US pools
231,LaBryan,rarer_but_plausible,African American male given-name pool; intended to mix with broader US pools
232,LaKeith,rarer_but_plausible,African American male given-name pool; intended to mix with broader US pools
233,Ladarian,stylized_distinctive,African American male given-name pool; intended to mix with broader US pools
234,Ladarius,stylized_distinctive,African American male given-name pool; intended to mix with broader US pools
235,Lamarcus,stylized_distinctive,African American male given-name pool; intended to mix with broader US pools
236,Lamarr,rarer_but_plausible,African American male given-name pool; intended to mix with broader US pools
237,Lamonte,rarer_but_plausible,African American male given-name pool; intended to mix with broader US pools
238,Larod,rarer_but_plausible,African American male given-name pool; intended to mix with broader US pools
239,Latrell,rarer_but_plausible,African American male given-name pool; intended to mix with broader US pools
240,Lavell,rarer_but_plausible,African American male given-name pool; intended to mix with broader US pools
241,Lavon,rarer_but_plausible,African American male given-name pool; intended to mix with broader US pools
242,Lawrence,rarer_but_plausible,African American male given-name pool; intended to mix with broader US pools
243,Leron,rarer_but_plausible,African American male given-name pool; intended to mix with broader US pools
244,LeShawn,rarer_but_plausible,African American male given-name pool; intended to mix with broader US pools
245,Levern,rarer_but_plausible,African American male given-name pool; intended to mix with broader US pools
246,Levell,rarer_but_plausible,African American male given-name pool; intended to mix with broader US pools
247,Lorenzo,rarer_but_plausible,African American male given-name pool; intended to mix with broader US pools
248,Malachi,rarer_but_plausible,African American male given-name pool; intended to mix with broader US pools
249,Malcolm,rarer_but_plausible,African American male given-name pool; intended to mix with broader US pools
250,Maliek,rarer_but_plausible,African American male given-name pool; intended to mix with broader US pools
251,Marcell,rarer_but_plausible,African American male given-name pool; intended to mix with broader US pools
252,Marcellus,rarer_but_plausible,African American male given-name pool; intended to mix with broader US pools
253,Marcus,rarer_but_plausible,African American male given-name pool; intended to mix with broader US pools
254,Marion,rarer_but_plausible,African American male given-name pool; intended to mix with broader US pools
255,Markel,rarer_but_plausible,African American male given-name pool; intended to mix with broader US pools
256,Markell,rarer_but_plausible,African American male given-name pool; intended to mix with broader US pools
257,Markese,rarer_but_plausible,African American male given-name pool; intended to mix with broader US pools
258,Markez,rarer_but_plausible,African American male given-name pool; intended to mix with broader US pools
259,Markevious,rarer_but_plausible,African American male given-name pool; intended to mix with broader US pools
260,Marquell,stylized_distinctive,African American male given-name pool; intended to mix with broader US pools
261,Martell,rarer_but_plausible,African American male given-name pool; intended to mix with broader US pools
262,Martese,rarer_but_plausible,African American male given-name pool; intended to mix with broader US pools
263,Maurice,core_common,African American male given-name pool; intended to mix with broader US pools
264,Montae,rarer_but_plausible,African American male given-name pool; intended to mix with broader US pools
265,Monte,rarer_but_plausible,African American male given-name pool; intended to mix with broader US pools
266,Montel,rarer_but_plausible,African American male given-name pool; intended to mix with broader US pools
267,Montrell,rarer_but_plausible,African American male given-name pool; intended to mix with broader US pools
268,Mykel,rarer_but_plausible,African American male given-name pool; intended to mix with broader US pools
269,Nakeem,rarer_but_plausible,African American male given-name pool; intended to mix with broader US pools
270,Nasir,rarer_but_plausible,African American male given-name pool; intended to mix with broader US pools
271,Natrell,rarer_but_plausible,African American male given-name pool; intended to mix with broader US pools
272,Naveon,rarer_but_plausible,African American male given-name pool; intended to mix with broader US pools
273,Nazir,rarer_but_plausible,African American male given-name pool; intended to mix with broader US pools
274,Omari,core_common,African American male given-name pool; intended to mix with broader US pools
275,Orlando,rarer_but_plausible,African American male given-name pool; intended to mix with broader US pools
276,Oronte,rarer_but_plausible,African American male given-name pool; intended to mix with broader US pools
277,Quandre,rarer_but_plausible,African American male given-name pool; intended to mix with broader US pools
278,Quantavious,stylized_distinctive,African American male given-name pool; intended to mix with broader US pools
279,Quentin,rarer_but_plausible,African American male given-name pool; intended to mix with broader US pools
280,Quincy,rarer_but_plausible,African American male given-name pool; intended to mix with broader US pools
281,Raekwon,rarer_but_plausible,African American male given-name pool; intended to mix with broader US pools
282,Rahmel,rarer_but_plausible,African American male given-name pool; intended to mix with broader US pools
283,Raheem,core_common,African American male given-name pool; intended to mix with broader US pools
284,Rahiem,rarer_but_plausible,African American male given-name pool; intended to mix with broader US pools
285,Rakeem,rarer_but_plausible,African American male given-name pool; intended to mix with broader US pools
286,Rashad,core_common,African American male given-name pool; intended to mix with broader US pools
287,Rashaad,rarer_but_plausible,African American male given-name pool; intended to mix with broader US pools
288,Rasheed,core_common,African American male given-name pool; intended to mix with broader US pools
289,Rashid,rarer_but_plausible,African American male given-name pool; intended to mix with broader US pools
290,Raynard,rarer_but_plausible,African American male given-name pool; intended to mix with broader US pools
291,Reggie,rarer_but_plausible,African American male given-name pool; intended to mix with broader US pools
292,Remy,rarer_but_plausible,African American male given-name pool; intended to mix with broader US pools
293,Renard,rarer_but_plausible,African American male given-name pool; intended to mix with broader US pools
294,Rico,rarer_but_plausible,African American male given-name pool; intended to mix with broader US pools
295,Roddrick,rarer_but_plausible,African American male given-name pool; intended to mix with broader US pools
296,Rodney,rarer_but_plausible,African American male given-name pool; intended to mix with broader US pools
297,Ronell,rarer_but_plausible,African American male given-name pool; intended to mix with broader US pools
298,Ronnie,rarer_but_plausible,African American male given-name pool; intended to mix with broader US pools
299,Rontez,rarer_but_plausible,African American male given-name pool; intended to mix with broader US pools
300,Roosevelt,rarer_but_plausible,African American male given-name pool; intended to mix with broader US pools
301,Samari,rarer_but_plausible,African American male given-name pool; intended to mix with broader US pools
302,Savon,rarer_but_plausible,African American male given-name pool; intended to mix with broader US pools
303,Shaheim,rarer_but_plausible,African American male given-name pool; intended to mix with broader US pools
304,Shamar,stylized_distinctive,African American male given-name pool; intended to mix with broader US pools
305,Shamari,rarer_but_plausible,African American male given-name pool; intended to mix with broader US pools
306,Shamarion,rarer_but_plausible,African American male given-name pool; intended to mix with broader US pools
307,Shamond,rarer_but_plausible,African American male given-name pool; intended to mix with broader US pools
308,Shamori,rarer_but_plausible,African American male given-name pool; intended to mix with broader US pools
309,Shandon,rarer_but_plausible,African American male given-name pool; intended to mix with broader US pools
310,Shante,rarer_but_plausible,African American male given-name pool; intended to mix with broader US pools
311,Shaquon,stylized_distinctive,African American male given-name pool; intended to mix with broader US pools
312,Shawntez,rarer_but_plausible,African American male given-name pool; intended to mix with broader US pools
313,Shon,rarer_but_plausible,African American male given-name pool; intended to mix with broader US pools
314,Shyheim,rarer_but_plausible,African American male given-name pool; intended to mix with broader US pools
315,Shyrone,rarer_but_plausible,African American male given-name pool; intended to mix with broader US pools
316,Sirr,rarer_but_plausible,African American male given-name pool; intended to mix with broader US pools
317,Stefan,rarer_but_plausible,African American male given-name pool; intended to mix with broader US pools
318,Sterling,rarer_but_plausible,African American male given-name pool; intended to mix with broader US pools
319,Taevon,rarer_but_plausible,African American male given-name pool; intended to mix with broader US pools
320,Taquan,stylized_distinctive,African American male given-name pool; intended to mix with broader US pools
321,Tarik,rarer_but_plausible,African American male given-name pool; intended to mix with broader US pools
322,Tarell,rarer_but_plausible,African American male given-name pool; intended to mix with broader US pools
323,Tariq,rarer_but_plausible,African American male given-name pool; intended to mix with broader US pools
324,Tavares,rarer_but_plausible,African American male given-name pool; intended to mix with broader US pools
325,Tavaris,rarer_but_plausible,African American male given-name pool; intended to mix with broader US pools
326,Tayvon,rarer_but_plausible,African American male given-name pool; intended to mix with broader US pools
327,Tedric,rarer_but_plausible,African American male given-name pool; intended to mix with broader US pools
328,Tequan,stylized_distinctive,African American male given-name pool; intended to mix with broader US pools
329,Terence,rarer_but_plausible,African American male given-name pool; intended to mix with broader US pools
330,Terrance,rarer_but_plausible,African American male given-name pool; intended to mix with broader US pools
331,Terrence,rarer_but_plausible,African American male given-name pool; intended to mix with broader US pools
332,Terrick,rarer_but_plausible,African American male given-name pool; intended to mix with broader US pools
333,Tevin,rarer_but_plausible,African American male given-name pool; intended to mix with broader US pools
334,Theron,rarer_but_plausible,African American male given-name pool; intended to mix with broader US pools
335,Torrey,rarer_but_plausible,African American male given-name pool; intended to mix with broader US pools
336,Travaris,stylized_distinctive,African American male given-name pool; intended to mix with broader US pools
337,Travell,rarer_but_plausible,African American male given-name pool; intended to mix with broader US pools
338,Travion,stylized_distinctive,African American male given-name pool; intended to mix with broader US pools
339,Travis,rarer_but_plausible,African American male given-name pool; intended to mix with broader US pools
340,Trayveon,rarer_but_plausible,African American male given-name pool; intended to mix with broader US pools
341,Trayvion,rarer_but_plausible,African American male given-name pool; intended to mix with broader US pools
342,Tre,rarer_but_plausible,African American male given-name pool; intended to mix with broader US pools
343,Tre'Von,rarer_but_plausible,African American male given-name pool; intended to mix with broader US pools
344,Tremaine,core_common,African American male given-name pool; intended to mix with broader US pools
345,Tremayne,core_common,African American male given-name pool; intended to mix with broader US pools
346,Tremell,rarer_but_plausible,African American male given-name pool; intended to mix with broader US pools
347,Tremon,rarer_but_plausible,African American male given-name pool; intended to mix with broader US pools
348,Trequan,rarer_but_plausible,African American male given-name pool; intended to mix with broader US pools
349,Treston,rarer_but_plausible,African American male given-name pool; intended to mix with broader US pools
350,Trevell,rarer_but_plausible,African American male given-name pool; intended to mix with broader US pools
351,Trevonte,core_common,African American male given-name pool; intended to mix with broader US pools
352,Treyvion,stylized_distinctive,African American male given-name pool; intended to mix with broader US pools
353,TyJuan,rarer_but_plausible,African American male given-name pool; intended to mix with broader US pools
354,Tykeem,rarer_but_plausible,African American male given-name pool; intended to mix with broader US pools
355,Tyquon,stylized_distinctive,African American male given-name pool; intended to mix with broader US pools
356,Tyshon,rarer_but_plausible,African American male given-name pool; intended to mix with broader US pools
357,Tyvonte,rarer_but_plausible,African American male given-name pool; intended to mix with broader US pools
358,Vashon,rarer_but_plausible,African American male given-name pool; intended to mix with broader US pools
359,Verlon,rarer_but_plausible,African American male given-name pool; intended to mix with broader US pools
360,Vernell,rarer_but_plausible,African American male given-name pool; intended to mix with broader US pools
361,Vonte,rarer_but_plausible,African American male given-name pool; intended to mix with broader US pools
362,Vontae,rarer_but_plausible,African American male given-name pool; intended to mix with broader US pools
363,Xavier,core_common,African American male given-name pool; intended to mix with broader US pools
364,Xzavier,rarer_but_plausible,African American male given-name pool; intended to mix with broader US pools
365,Zavian,rarer_but_plausible,African American male given-name pool; intended to mix with broader US pools
366,Zavion,rarer_but_plausible,African American male given-name pool; intended to mix with broader US pools
367,Zaylen,rarer_but_plausible,African American male given-name pool; intended to mix with broader US pools
368,Zaylon,rarer_but_plausible,African American male given-name pool; intended to mix with broader US pools
369,Zayquan,stylized_distinctive,African American male given-name pool; intended to mix with broader US pools
370,Zayvion,stylized_distinctive,African American male given-name pool; intended to mix with broader US pools
371,Zavier,rarer_but_plausible,African American male given-name pool; intended to mix with broader US pools
372,Zavien,rarer_but_plausible,African American male given-name pool; intended to mix with broader US pools
373,Adrian,rarer_but_plausible,African American male given-name pool; intended to mix with broader US pools
374,Avery,rarer_but_plausible,African American male given-name pool; intended to mix with broader US pools
375,Brandon,rarer_but_plausible,African American male given-name pool; intended to mix with broader US pools
376,Calvin,rarer_but_plausible,African American male given-name pool; intended to mix with broader US pools
377,Derrick,rarer_but_plausible,African American male given-name pool; intended to mix with broader US pools
378,Dominique,rarer_but_plausible,African American male given-name pool; intended to mix with broader US pools
379,Isaiah,rarer_but_plausible,African American male given-name pool; intended to mix with broader US pools
380,Jerome,rarer_but_plausible,African American male given-name pool; intended to mix with broader US pools
381,Kendrick,rarer_but_plausible,African American male given-name pool; intended to mix with broader US pools
382,Kendall,rarer_but_plausible,African American male given-name pool; intended to mix with broader US pools
383,Lance,rarer_but_plausible,African American male given-name pool; intended to mix with broader US pools
384,Leon,rarer_but_plausible,African American male given-name pool; intended to mix with broader US pools
385,Marvin,rarer_but_plausible,African American male given-name pool; intended to mix with broader US pools
386,Micah,rarer_but_plausible,African American male given-name pool; intended to mix with broader US pools
387,Miles,rarer_but_plausible,African American male given-name pool; intended to mix with broader US pools
388,Nigel,rarer_but_plausible,African American male given-name pool; intended to mix with broader US pools
389,Roderick,rarer_but_plausible,African American male given-name pool; intended to mix with broader US pools
390,Terry,rarer_but_plausible,African American male given-name pool; intended to mix with broader US pools
391,Troy,rarer_but_plausible,African American male given-name pool; intended to mix with broader US pools
392,Victor,rarer_but_plausible,African American male given-name pool; intended to mix with broader US pools
393,Zion,rarer_but_plausible,African American male given-name pool; intended to mix with broader US pools
