Scotland_clean_rank,Surname,Number
1,Smith,1911
2,Brown,1437
3,Wilson,1335
4,Campbell,1197
5,Stewart,1163
6,Robertson,1112
7,Thomson,1090
8,Anderson,1024
9,Reid,842
10,Macdonald,815
11,Scott,812
12,Murray,782
13,Taylor,768
14,Clark,643
15,Walker,634
16,Mitchell,625
17,Young,619
18,Ross,618
19,Watson,611
20,Graham,593
21,Mcdonald,576
22,Henderson,565
23,Paterson,563
24,Morrison,560
25,Miller,550
26,Davidson,545
27,Gray,541
28,Fraser,537
29,Martin,517
30,Kerr,512
31,Hamilton,505
32,Cameron,502
33,Kelly,500
34,Johnston,485
35,Duncan,481
36,Ferguson,478
37,Hunter,473
38,Simpson,473
39,Allan,467
40,Bell,466
41,Grant,439
42,Mackenzie,429
43,Mclean,414
44,Macleod,411
45,Mackay,392
46,Jones,377
47,Wallace,370
48,Black,369
49,Marshall,360
50,Kennedy,359
51,Russell,358
52,Murphy,354
53,Hughes,353
54,Wright,352
55,Sutherland,348
56,Gibson,347
57,Gordon,335
58,Wood,328
59,Burns,313
60,Craig,312
61,Cunningham,312
62,Williams,307
63,Milne,303
64,Johnstone,299
65,Stevenson,298
66,Muir,295
67,Williamson,294
68,Munro,289
69,Mckay,288
70,Bruce,285
71,Mckenzie,285
72,White,285
73,Millar,282
74,Douglas,280
75,Sinclair,280
76,Ritchie,278
77,Docherty,274
78,Fleming,274
79,Mcmillan,273
80,Watt,273
81,Boyle,271
82,Crawford,268
83,Mcgregor,258
84,Jackson,249
85,Hill,245
86,Shaw,245
87,Christie,244
88,King,243
89,Moore,238
90,Maclean,236
91,Aitken,231
92,Lindsay,228
93,Currie,227
94,Dickson,226
95,Green,225
96,Mclaughlin,224
97,Jamieson,222
98,Whyte,222
99,Mcintosh,219
100,Ward,218
101,Forbes,217
102,Hay,217
103,Thompson,216
104,Alexander,215
105,Hall,212
106,Irvine,209
107,Boyd,205
108,Cooper,202
109,Mcintyre,202
110,O'Neill,202
111,Ramsay,202
112,Mcleod,201
113,Quinn,200
114,O'Donnell,198
115,Turner,198
116,Adams,196
117,Mcfarlane,196
118,Armstrong,194
119,Mccallum,194
120,Mcculloch,193
121,Mcewan,193
122,Reilly,193
123,Cairns,189
124,Robinson,189
125,Davies,188
126,Gallacher,188
127,Donnelly,185
128,Gallagher,185
129,Morris,181
130,Rae,181
131,Findlay,180
132,Nicol,180
133,Clarke,179
134,Duffy,179
135,Dunn,178
136,Mackie,177
137,Strachan,174
138,Johnson,172
139,Paton,172
140,Collins,171
141,Weir,171
142,Cook,170
143,Logan,170
144,Barr,169
145,Rennie,169
146,Donaldson,168
147,Bain,167
148,Tait,167
149,Cowan,165
150,Hutchison,165
151,Beattie,164
152,Harvey,162
153,Lawson,161
154,Mclaren,161
155,Lee,159
156,Murdoch,159
157,Buchanan,158
158,Chalmers,158
159,Blair,157
160,Evans,157
161,Harris,157
162,Richardson,157
163,Hendry,153
164,Edwards,152
165,Harrison,152
166,Mcgowan,152
167,Kane,151
168,Thomas,151
169,Baxter,150
170,Laing,150
171,Mackinnon,150
172,Morgan,150
173,Mckenna,148
174,Drummond,146
175,Sneddon,145
176,Webster,145
177,Welsh,145
178,Gilmour,144
179,Baird,142
180,Maxwell,142
181,Barclay,141
182,Gillespie,140
183,Hogg,140
184,Parker,140
185,Bennett,138
186,Cochrane,138
187,Mcguire,138
188,Roberts,138
189,Buchan,136
190,Gillies,136
191,Moffat,136
192,Nelson,136
193,Forsyth,135
194,Macfarlane,135
195,Sharp,135
196,Higgins,134
197,Macpherson,134
198,Todd,134
199,Robb,132
200,Cassidy,131
201,Donald,131
202,Jack,130
203,Mcarthur,130
204,Mcpherson,130
205,Mcallister,129
206,Turnbull,129
207,Innes,128
208,Gibb,126
209,Mccann,126
210,Houston,125
211,Phillips,124
212,Mason,123
213,Morton,122
214,Fisher,121
215,Macgregor,121
216,Stephen,121
217,Stuart,121
218,O'Brien,120
219,Mccabe,119
220,Spence,119
221,Burnett,118
222,Lewis,118
223,Little,118
224,Orr,118
225,Park,118
226,Shields,118
227,Dick,117
228,Nicholson,117
229,Connelly,116
230,Mcbride,116
231,Woods,116
232,Hannah,115
233,Pearson,115
234,Sweeney,115
235,Devlin,114
236,Dunlop,114
237,Greig,114
238,Harper,114
239,Inglis,114
240,Mcneill,114
241,Montgomery,114
242,Nisbet,114
243,Baillie,113
244,Law,113
245,Urquhart,113
246,Davis,112
247,Leslie,112
248,Lynch,112
249,Petrie,112
250,Pollock,112
251,Cumming,110
252,Mcghee,110
253,Allison,109
254,Gardner,109
255,Rankin,109
256,Cruickshank,108
257,Mcmahon,108
258,Cowie,107
259,Doherty,107
260,Mullen,107
261,Kirk,106
262,Love,106
263,Macrae,106
264,Allen,105
265,Brady,105
266,Dawson,105
267,Macmillan,105
268,Milligan,105
269,Mills,105
270,Swan,105
271,Devine,104
272,Forrest,104
273,Smart,104
274,Adam,103
275,Downie,103
276,Duff,103
277,Patterson,103
278,Wilkie,103
279,Main,102
280,Bradley,101
281,Mcneil,101
282,Elliott,100
283,Mcdougall,100
284,Noble,100
285,Steele,100
286,Laird,99
287,Lamont,99
288,Shearer,99
289,Fulton,98
290,Kay,98
291,Livingstone,98
292,Shepherd,98
293,Calder,97
294,Lamb,97
295,Geddes,96
296,Gunn,96
297,Hart,96
298,Malcolm,96
299,Coyle,95
300,Farrell,95
301,Gardiner,95
302,Low,95
303,Mclachlan,95
304,O'Connor,95
305,Falconer,94
306,Hardie,94
307,Knox,94
308,Lang,94
309,Bryce,93
310,Ford,93
311,Mathieson,93
312,Porter,93
313,Adamson,92
314,Carr,92
315,Galloway,92
316,Gilchrist,92
317,Hutton,92
318,Mair,92
319,Chapman,91
320,Dow,91
321,Dunbar,91
322,Mccormack,91
323,Menzies,91
324,Sim,91
325,Mcgill,90
326,West,90
327,Cox,89
328,Holmes,89
329,Kidd,89
330,Mclellan,89
331,Carroll,88
332,Ellis,88
333,Grieve,88
334,Mccormick,88
335,Reynolds,88
336,Fox,87
337,Hood,87
338,Mcinnes,87
339,Wylie,87
340,Fletcher,86
341,Howie,86
342,Neilson,86
343,Doyle,85
344,Jenkins,85
345,Lawrie,85
346,Pirie,85
347,Rodger,85
348,Stirling,85
349,Knight,84
350,Mckinnon,84
351,Rutherford,84
352,Farquhar,83
353,Flynn,83
354,Hepburn,83
355,Matthews,83
356,Carmichael,82
357,Connolly,82
358,Gill,82
359,Mcphee,82
360,Mooney,82
361,Henry,81
362,Maciver,81
363,Mccafferty,81
364,Dixon,80
365,Easton,80
366,Matheson,80
367,Oliver,80
368,Wilkinson,80
369,Barnes,79
370,Mccall,79
371,Robson,79
372,Rooney,79
373,Steel,79
374,Edgar,78
375,Nicolson,78
376,Bremner,77
377,Carter,77
378,Mcdermott,77
379,Byrne,76
380,Connor,76
381,Dewar,76
382,Halliday,76
383,James,76
384,Thom,76
385,Baker,75
386,Crichton,75
387,Mccoll,75
388,Middleton,75
389,Neil,75
390,Ballantyne,74
391,Callaghan,74
392,Frew,74
393,Moir,74
394,Skinner,74
395,Burke,73
396,Gemmell,73
397,Glen,73
398,Mcconnell,73
399,Muirhead,73
400,O'Hara,73
401,Roy,73
402,Sloan,73
403,Aitchison,72
404,Galbraith,72
405,Keenan,72
406,Manson,72
407,Mcmanus,72
408,Palmer,72
409,Beveridge,71
410,Carson,71
411,Hastie,71
412,Macintyre,71
413,Mann,71
414,Melville,71
415,Rodgers,71
416,Beaton,70
417,Chisholm,70
418,Fowler,70
419,Meikle,70
420,Waddell,70
421,Dodds,69
422,Foster,69
423,Ingram,69
424,Jardine,69
425,Mackintosh,69
426,Nicoll,69
427,Richards,69
428,Angus,68
429,Archibald,68
430,Bowman,68
431,Brodie,68
432,Bryson,68
433,Finlayson,68
434,Maclennan,68
435,Riddell,68
436,Arthur,67
437,Caldwell,67
438,Carruthers,67
439,Curran,67
440,Kaur,67
441,Leitch,67
442,Macaulay,67
443,Whitelaw,67
444,Booth,66
445,Burgess,66
446,Conway,66
447,Coutts,66
448,Kirkwood,66
449,Marr,66
450,Mcnab,66
451,Penman,66
452,Price,66
453,Banks,65
454,Barker,65
455,Berry,65
456,Cullen,65
457,Frame,65
458,Paul,65
459,Dolan,64
460,Elder,64
461,Gow,64
462,Irving,64
463,Mcdowall,64
464,Mckinlay,64
465,Ryan,64
466,Agnew,63
467,Lawrence,63
468,Lowe,63
469,Shanks,63
470,Small,63
471,Butler,62
472,Griffiths,62
473,Lafferty,62
474,Lees,62
475,Mcnally,62
476,Neill,62
477,Page,62
478,Brooks,61
479,Daly,61
480,Fitzpatrick,61
481,Hodge,61
482,Jeffrey,61
483,Masson,61
484,Mckechnie,61
485,Rose,61
486,Speirs,61
487,Stark,61
488,Walsh,61
489,Barrie,60
490,Hume,60
491,Kemp,60
492,Macdougall,60
493,Macinnes,60
494,Nimmo,60
495,Slater,60
496,Stevens,60
497,Gillan,59
498,Mccluskey,59
499,Mcgrath,59
500,Cairney,58
501,Goldie,58
502,Gourlay,58
503,Kenny,58
504,Moran,58
505,Peacock,58
506,Wells,58
507,Guthrie,57
508,Hunt,57
509,Kyle,57
510,Malone,57
511,Meechan,57
512,Andrew,56
513,Andrews,56
514,Davie,56
515,Mclaughlan,56
516,Meldrum,56
517,Napier,56
518,Waugh,56
519,Duthie,55
520,Forrester,55
521,Rogers,55
522,Somerville,55
523,Dougan,54
524,Finlay,54
525,Fyfe,54
526,Kilpatrick,54
527,Mccartney,54
528,Mcdade,54
529,Ogilvie,54
530,Owen,54
531,Ramage,54
532,Steven,54
533,Horne,53
534,Maguire,53
535,Mckee,53
536,Mckeown,53
537,Mcknight,53
538,Mcwilliams,53
539,Barrett,52
540,Bowie,52
541,Brennan,52
542,Cormack,52
543,Ewing,52
544,Heron,52
545,Lloyd,52
546,Lyon,52
547,Mcguinness,52
548,Mchugh,52
549,Mcvey,52
550,O'Rourke,52
551,Owens,52
552,Cummings,51
553,Hayes,51
554,Mcquade,51
555,Mcqueen,51
556,Potter,51
557,Smyth,51
558,Carlin,50
559,Cockburn,50
560,Connell,50
561,Deans,50
562,Keith,50
563,Mcinally,50
564,Mcmaster,50
565,Monaghan,50
566,Atkinson,49
567,Barbour,49
568,Blyth,49
569,Cannon,49
570,Colquhoun,49
571,Ireland,49
572,Mcguigan,49
573,Templeton,49
574,Thorburn,49
575,Boyce,48
576,Coleman,48
577,Coulter,48
578,Dempster,48
579,Elliot,48
580,Farmer,48
581,Griffin,48
582,Kirkpatrick,48
583,Lennon,48
584,Mcgovern,48
585,Mckie,48
586,Mcphail,48
587,O'Neil,48
588,Patrick,48
589,Payne,48
590,Traynor,48
591,Wishart,48
592,Brownlie,47
593,Cuthbertson,47
594,Doig,47
595,Drysdale,47
596,Harley,47
597,Hopkins,47
598,Mcadam,47
599,Mulholland,47
600,Philip,47
601,Rice,47
602,Tulloch,47
603,Balfour,46
604,Gilbert,46
605,Gorman,46
606,Harkins,46
607,Hope,46
608,Laurie,46
609,Lumsden,46
610,Queen,46
611,Riley,46
612,Arnott,45
613,Bailey,45
614,Borthwick,45
615,Brogan,45
616,Gall,45
617,Hanlon,45
618,Jordan,45
619,Linton,45
620,Lockhart,45
621,Mcaulay,45
622,Mcgee,45
623,Mcnicol,45
624,Porteous,45
625,Prentice,45
626,Watters,45
627,Bisset,44
628,Coull,44
629,Dickie,44
630,Eadie,44
631,Finnie,44
632,Glass,44
633,Goodwin,44
634,Holland,44
635,Laidlaw,44
636,Mcalpine,44
637,Mclauchlan,44
638,Mcwilliam,44
639,Perry,44
640,Pratt,44
641,Richmond,44
642,Summers,44
643,Burton,43
644,Dean,43
645,Knowles,43
646,Lennox,43
647,Mccutcheon,43
648,Mcleish,43
649,Mcnaughton,43
650,Saunders,43
651,Wyllie,43
652,Birnie,42
653,Brannan,42
654,Burt,42
655,Chambers,42
656,Corbett,42
657,Crombie,42
658,Dalziel,42
659,Dobson,42
660,George,42
661,Hamill,42
662,Hodgson,42
663,Lyons,42
664,Mcauley,42
665,Mccarthy,42
666,Mccracken,42
667,Mclelland,42
668,Mowat,42
669,Shand,42
670,Webb,42
671,Clelland,41
672,Ewen,41
673,Feeney,41
674,Lorimer,41
675,Macphee,41
676,Mcclymont,41
677,Mccreadie,41
678,Mccue,41
679,Mcfadyen,41
680,Mcshane,41
681,Osborne,41
682,Smillie,41
683,Sullivan,41
684,Thornton,41
685,Cargill,40
686,Foley,40
687,Mckendrick,40
688,Mcrae,40
689,Meek,40
690,Newlands,40
691,Nolan,40
692,Quigley,40
693,Sanderson,40
694,Syme,40
695,Taggart,40
696,Tennant,40
697,Will,40
698,Blackwood,39
699,Cole,39
700,Dempsey,39
701,Flett,39
702,Healy,39
703,Herd,39
704,Mcfadden,39
705,Mcgarry,39
706,Mcnaught,39
707,Rafferty,39
708,Telfer,39
709,Torrance,39
710,Tough,39
711,Townsley,39
712,Borland,38
713,Fotheringham,38
714,Freeman,38
715,Harkness,38
716,Hastings,38
717,Hewitt,38
718,Mcginley,38
719,Savage,38
720,Auld,37
721,Begg,37
722,Bird,37
723,Cross,37
724,French,37
725,Howard,37
726,Mcbain,37
727,Mcclure,37
728,Mccourt,37
729,Mcgrory,37
730,Mutch,37
731,Semple,37
732,Shannon,37
733,Valentine,37
734,Barton,36
735,Brand,36
736,Briggs,36
737,Cooke,36
738,Cuthbert,36
739,Denholm,36
740,Haddow,36
741,Leckie,36
742,Liddell,36
743,Macphail,36
744,Madden,36
745,Mcgillivray,36
746,Mckellar,36
747,Newton,36
748,Nixon,36
749,Norris,36
750,Ronald,36
751,Stoddart,36
752,Thain,36
753,Addison,35
754,Barnett,35
755,Barry,35
756,Buckley,35
757,Carey,35
758,Corrigan,35
759,Day,35
760,Doran,35
761,Fairbairn,35
762,Friel,35
763,Gauld,35
764,Leishman,35
765,Lyall,35
766,May,35
767,Mccaig,35
768,Mcconnachie,35
769,Mcnulty,35
770,Mctaggart,35
771,Melvin,35
772,Newman,35
773,Niven,35
774,O'Hare,35
775,Powell,35
776,Scullion,35
777,Tierney,35
778,Armour,34
779,Barron,34
780,Bishop,34
781,Bolton,34
782,Darroch,34
783,Donnachie,34
784,Duguid,34
785,Fallon,34
786,Flannigan,34
787,Garden,34
788,Hutchinson,34
789,Lauder,34
790,Leonard,34
791,Livingston,34
792,Long,34
793,Macneil,34
794,Mallon,34
795,Mclennan,34
796,Mcmurray,34
797,Potts,34
798,Renwick,34
799,Rowan,34
800,Short,34
801,Soutar,34
802,Struthers,34
803,Telford,34
804,Walton,34
805,Whiteford,34
806,Yule,34
807,Blake,33
808,Crosbie,33
809,Crossan,33
810,Glover,33
811,Howe,33
812,Hutcheson,33
813,Joyce,33
814,Macarthur,33
815,Massie,33
816,Molloy,33
817,Peters,33
818,Preston,33
819,Pringle,33
820,Rowe,33
821,Samson,33
822,Sheridan,33
823,Souter,33
824,Stott,33
825,Strang,33
826,Swanson,33
827,Walls,33
828,Wotherspoon,33
829,Casey,32
830,Dale,32
831,Dillon,32
832,Greer,32
833,Hislop,32
834,Hudson,32
835,Maitland,32
836,Mcginty,32
837,Mcgoldrick,32
838,Redpath,32
839,Spencer,32
840,Stone,32
841,Tonner,32
842,Archer,31
843,Benson,31
844,Birrell,31
845,Breen,31
846,Canning,31
847,Clarkson,31
848,Ferrie,31
849,Finnigan,31
850,Jarvie,31
851,Lambert,31
852,Lavery,31
853,Mack,31
854,Milton,31
855,Monteith,31
856,Moyes,31
857,Ness,31
858,Parsons,31
859,Paxton,31
860,Philp,31
861,Sturrock,31
862,Clayton,30
863,Fairley,30
864,Fenton,30
865,Frost,30
866,Fullerton,30
867,Gerrard,30
868,Gregory,30
869,Horsburgh,30
870,Keir,30
871,Lucas,30
872,Lynn,30
873,Mccusker,30
874,Mcluckie,30
875,Purves,30
876,Sharkey,30
877,Sharpe,30
878,Stenhouse,30
879,Wiseman,30
880,Barber,29
881,Barlow,29
882,Browne,29
883,Conner,29
884,Delaney,29
885,Farquharson,29
886,Faulds,29
887,Fitzgerald,29
888,Gilfillan,29
889,Hanley,29
890,Holden,29
891,Holt,29
892,Hynd,29
893,Jennings,29
894,Kearney,29
895,Lister,29
896,Maclachlan,29
897,Mcgurk,29
898,Melrose,29
899,Morrow,29
900,Pritchard,29
901,Purdie,29
902,Ralston,29
903,Sangster,29
904,Stephenson,29
905,Ure,29
906,Waters,29
907,Winton,29
908,Abbott,28
909,Aird,28
910,Ball,28
911,Binnie,28
912,Cheyne,28
913,Crighton,28
914,Erskine,28
915,Fairweather,28
916,Ferrier,28
917,Hawkins,28
918,Logie,28
919,Lyle,28
920,Matthew,28
921,Mcclelland,28
922,Mcghie,28
923,Mcnee,28
924,Michie,28
925,Nichol,28
926,Pearce,28
927,Raeburn,28
928,Rattray,28
929,Reed,28
930,Wade,28
931,Wight,28
932,Wightman,28
933,Willis,28
934,Austin,27
935,Bates,27
936,Beck,27
937,Brunton,27
938,Bryant,27
939,Calderwood,27
940,Crowe,27
941,Dalgleish,27
942,Ewart,27
943,Fitzsimmons,27
944,Gavin,27
945,Gillon,27
946,Grier,27
947,Grierson,27
948,Haldane,27
949,Harding,27
950,Leask,27
951,Leith,27
952,Mcconville,27
953,Mccready,27
954,Mcglynn,27
955,Mckean,27
956,Mckelvie,27
957,Mcminn,27
958,Morrice,27
959,Muldoon,27
960,Mulligan,27
961,O'Reilly,27
962,Scobie,27
963,Strain,27
964,Tucker,27
965,Yates,27
966,Baldwin,26
967,Bonner,26
968,Burrows,26
969,Clifford,26
970,Copland,26
971,Costello,26
972,Dalton,26
973,Dobbie,26
974,Duffin,26
975,Dunsmore,26
976,Dyer,26
977,Hadden,26
978,Haggarty,26
979,Heath,26
980,Imrie,26
981,Jarvis,26
982,Kilgour,26
983,Kinnaird,26
984,Macaskill,26
985,Mccubbin,26
986,Mcdowell,26
987,Mcginlay,26
988,Mcnair,26
989,Mcvicar,26
990,Pettigrew,26
991,Proctor,26
992,Proudfoot,26
993,Veitch,26
994,Warren,26
995,Wheeler,26
996,Cranston,25
997,Darling,25
998,Dingwall,25
999,Ferns,25
1000,Foy,25
1001,Francis,25
1002,Gould,25
1003,Guy,25
1004,Hammond,25
1005,Hartley,25
1006,Hendrie,25
1007,Horn,25
1008,Hosie,25
1009,Howat,25
1010,Kirkland,25
1011,Leiper,25
1012,Littlejohn,25
1013,Logue,25
1014,Mcilroy,25
1015,Mcilwraith,25
1016,Mcrobbie,25
1017,Miles,25
1018,Mill,25
1019,Moss,25
1020,Mullan,25
1021,Nugent,25
1022,Read,25
1023,Whittaker,25
1024,Adair,24
1025,Bissett,24
1026,Bradford,24
1027,Carrigan,24
1028,Cavanagh,24
1029,Fagan,24
1030,Fergusson,24
1031,Gibbons,24
1032,Greenwood,24
1033,Hale,24
1034,Hardy,24
1035,Hooper,24
1036,Hutcheon,24
1037,Kean,24
1038,Keddie,24
1039,Lane,24
1040,Macgillivray,24
1041,Mackin,24
1042,Mcavoy,24
1043,Mccarron,24
1044,Mcclung,24
1045,Mcivor,24
1046,Mckillop,24
1047,Mcmullan,24
1048,Mcroberts,24
1049,Mercer,24
1050,Moodie,24
1051,Nicholls,24
1052,Regan,24
1053,Rendall,24
1054,Wales,24
1055,Welch,24
1056,Bartlett,23
1057,Beckett,23
1058,Blackburn,23
1059,Broadfoot,23
1060,Broadley,23
1061,Bryan,23
1062,Conroy,23
1063,Flanagan,23
1064,Forster,23
1065,Gilroy,23
1066,Goodfellow,23
1067,Haggerty,23
1068,Hainey,23
1069,Haining,23
1070,Ironside,23
1071,Kinghorn,23
1072,Learmonth,23
1073,Liddle,23
1074,Lochrie,23
1075,Lowrie,23
1076,Mccolgan,23
1077,Mccrae,23
1078,Mcelroy,23
1079,Mearns,23
1080,Rankine,23
1081,Reekie,23
1082,Renton,23
1083,Sanders,23
1084,Scally,23
1085,Skene,23
1086,Spiers,23
1087,Stokes,23
1088,Suttie,23
1089,Toner,23
1090,Tracey,23
1091,Travers,23
1092,Tweedie,23
1093,Whitehead,23
1094,Amos,22
1095,Arnold,22
1096,Bannerman,22
1097,Bathgate,22
1098,Best,22
1099,Brough,22
1100,Bulloch,22
1101,Byers,22
1102,Cain,22
1103,Copeland,22
1104,Cosgrove,22
1105,Couper,22
1106,Cowe,22
1107,Diamond,22
1108,English,22
1109,Faulkner,22
1110,Girvan,22
1111,Godfrey,22
1112,Gracie,22
1113,Harrower,22
1114,Hyslop,22
1115,Jolly,22
1116,Mcdermid,22
1117,Mcmenemy,22
1118,Mcniven,22
1119,Moncrieff,22
1120,More,22
1121,Myles,22
1122,Neish,22
1123,Norman,22
1124,O'Kane,22
1125,Peebles,22
1126,Pollard,22
1127,Provan,22
1128,Pryde,22
1129,Steedman,22
1130,Storrie,22
1131,Vaughan,22
1132,Watts,22
1133,Winter,22
1134,Bennie,21
1135,Bond,21
1136,Cleary,21
1137,Cleland,21
1138,Courtney,21
1139,Curry,21
1140,Curtis,21
1141,Dalrymple,21
1142,Davison,21
1143,Divers,21
1144,Dougall,21
1145,Duncanson,21
1146,Emslie,21
1147,Fairlie,21
1148,Fuller,21
1149,Garner,21
1150,Goudie,21
1151,Grady,21
1152,Lambie,21
1153,Lamond,21
1154,Louden,21
1155,Maclellan,21
1156,Magee,21
1157,Mcardle,21
1158,Mccrindle,21
1159,Mclay,21
1160,Mcmurdo,21
1161,Mcquillan,21
1162,Mortimer,21
1163,Nairn,21
1164,Naismith,21
1165,O'Sullivan,21
1166,Ogg,21
1167,Prior,21
1168,Redmond,21
1169,Rhodes,21
1170,Rosie,21
1171,Sherry,21
1172,Simmons,21
1173,Slaven,21
1174,Sommerville,21
1175,Sykes,21
1176,Tomlinson,21
1177,Tosh,21
1178,Walters,21
1179,Watkins,21
1180,Youngson,21
1181,Allardyce,20
1182,Bett,20
1183,Bingham,20
1184,Bowden,20
1185,Butcher,20
1186,Cartwright,20
1187,Clements,20
1188,Conn,20
1189,Crozier,20
1190,Dey,20
1191,Dowling,20
1192,Garrett,20
1193,Gault,20
1194,Glasgow,20
1195,Goodall,20
1196,Gormley,20
1197,Gough,20
1198,Harkin,20
1199,Herbert,20
1200,Hetherington,20
1201,Howell,20
1202,Humphreys,20
1203,Kinnear,20
1204,Loudon,20
1205,Marsh,20
1206,Mcateer,20
1207,Mcbeth,20
1208,Mcewen,20
1209,Mckinney,20
1210,Mcnamee,20
1211,Munn,20
1212,Naylor,20
1213,Parkin,20
1214,Power,20
1215,Rush,20
1216,Sutton,20
1217,Warnock,20
1218,Wemyss,20
1219,Westwood,20
1220,Yuill,20
1221,Arbuckle,19
1222,Ashton,19
1223,Bonnar,19
1224,Bridges,19
1225,Bryden,19
1226,Carnegie,19
1227,Combe,19
1228,Dodd,19
1229,Donaghy,19
1230,Dornan,19
1231,Fenwick,19
1232,Fordyce,19
1233,Fullarton,19
1234,Gaffney,19
1235,Gilmartin,19
1236,Gowans,19
1237,Haggart,19
1238,Haig,19
1239,Hair,19
1240,Herron,19
1241,Hillhouse,19
1242,Keane,19
1243,Kelso,19
1244,Leighton,19
1245,Mathers,19
1246,Mcalinden,19
1247,Mcginn,19
1248,Mcgraw,19
1249,Mcleary,19
1250,Mcskimming,19
1251,Mowatt,19
1252,O'Connell,19
1253,Parkinson,19
1254,Raeside,19
1255,Rees,19
1256,Roxburgh,19
1257,Stalker,19
1258,Stanley,19
1259,Talbot,19
1260,Balmer,18
1261,Batchelor,18
1262,Beedie,18
1263,Bentley,18
1264,Bertram,18
1265,Birch,18
1266,Boag,18
1267,Bowers,18
1268,Brock,18
1269,Carpenter,18
1270,Charles,18
1271,Coates,18
1272,Coupland,18
1273,Cree,18
1274,Creighton,18
1275,Dallas,18
1276,Dunne,18
1277,Dykes,18
1278,Egan,18
1279,Fawcett,18
1280,Flood,18
1281,Franklin,18
1282,Giles,18
1283,Given,18
1284,Hirst,18
1285,Hollywood,18
1286,Jacobs,18
1287,Kelman,18
1288,Kent,18
1289,Lavelle,18
1290,Macnab,18
1291,Manning,18
1292,Massey,18
1293,Mcandrew,18
1294,Mccolm,18
1295,Mcdaid,18
1296,Mcdiarmid,18
1297,Mcelhinney,18
1298,Mcfadzean,18
1299,Mcgarvey,18
1300,Mcgibbon,18
1301,Mcloughlin,18
1302,Mcmullen,18
1303,Mcnamara,18
1304,Mcwhirter,18
1305,Meiklejohn,18
1306,Morley,18
1307,Oliphant,18
1308,Peden,18
1309,Sibbald,18
1310,Snedden,18
1311,Stanton,18
1312,Stein,18
1313,Thorpe,18
1314,Trotter,18
1315,Troup,18
1316,Whelan,18
1317,Wild,18
1318,Ballantine,17
1319,Blackhall,17
1320,Bone,17
1321,Boyes,17
1322,Bradshaw,17
1323,Brook,17
1324,Budge,17
1325,Callander,17
1326,Catto,17
1327,Cherry,17
1328,Clancy,17
1329,Collie,17
1330,Collier,17
1331,Colville,17
1332,Colvin,17
1333,Craigie,17
1334,Cruickshanks,17
1335,Daniels,17
1336,Donachie,17
1337,Donoghue,17
1338,Dowie,17
1339,Downs,17
1340,Flockhart,17
1341,Hampson,17
1342,Harvie,17
1343,Heaney,17
1344,Hobbs,17
1345,Honeyman,17
1346,Hynes,17
1347,Kilday,17
1348,Kinloch,17
1349,Latham,17
1350,Lothian,17
1351,Maclaren,17
1352,Masterton,17
1353,Mcdonnell,17
1354,Mcfall,17
1355,Mcharg,17
1356,Mclatchie,17
1357,Mclintock,17
1358,Metcalfe,17
1359,Nash,17
1360,Neeson,17
1361,Norrie,17
1362,Ord,17
1363,Pate,17
1364,Penny,17
1365,Peterson,17
1366,Purvis,17
1367,Ratcliffe,17
1368,Renfrew,17
1369,Rodden,17
1370,Rollo,17
1371,Sandison,17
1372,Singer,17
1373,Singleton,17
1374,Skelton,17
1375,Spalding,17
1376,Still,17
1377,Tasker,17
1378,Wallis,17
1379,Weston,17
1380,Woodward,17
1381,Barrowman,16
1382,Bernard,16
1383,Boland,16
1384,Bowen,16
1385,Brownlee,16
1386,Burnside,16
1387,Carlyle,16
1388,Carstairs,16
1389,Carswell,16
1390,Church,16
1391,Clunie,16
1392,Cordiner,16
1393,Crockett,16
1394,Crooks,16
1395,Curley,16
1396,Denny,16
1397,Dickinson,16
1398,Dobbin,16
1399,Dorrian,16
1400,Drennan,16
1401,Dryburgh,16
1402,Duke,16
1403,Dundas,16
1404,Durham,16
1405,Durie,16
1406,Easson,16
1407,Fairgrieve,16
1408,Garvie,16
1409,Glancy,16
1410,Gorrie,16
1411,Kerrigan,16
1412,Lind,16
1413,Lochhead,16
1414,Longmuir,16
1415,Macintosh,16
1416,Mather,16
1417,Mccaffery,16
1418,Mccarroll,16
1419,Mccluskie,16
1420,Mccombie,16
1421,Mccreath,16
1422,Mccrorie,16
1423,Mcdonagh,16
1424,Mcgeough,16
1425,Mcglashan,16
1426,Mcgougan,16
1427,Mckinley,16
1428,Mcphillips,16
1429,Moody,16
1430,Mudie,16
1431,Mullin,16
1432,Nowak,16
1433,O'Hanlon,16
1434,O'Malley,16
1435,O'Shea,16
1436,Pickering,16
1437,Ralph,16
1438,Reeves,16
1439,Robbie,16
1440,Rogerson,16
1441,Schofield,16
1442,Scotland,16
1443,Seath,16
1444,Seymour,16
1445,Shedden,16
1446,Sime,16
1447,Slavin,16
1448,Stirton,16
1449,Sturgeon,16
1450,Temple,16
1451,Toal,16
1452,Townsend,16
1453,Vincent,16
1454,Wardrope,16
1455,Weaver,16
1456,Abernethy,15
1457,Airlie,15
1458,Atkins,15
1459,Bannister,15
1460,Browning,15
1461,Carty,15
1462,Charlton,15
1463,Coll,15
1464,Convery,15
1465,Dailly,15
1466,Davey,15
1467,Dearie,15
1468,Doak,15
1469,Dobie,15
1470,Drever,15
1471,Dye,15
1472,Edward,15
1473,Esson,15
1474,Field,15
1475,Finch,15
1476,Grace,15
1477,Grainger,15
1478,Greenshields,15
1479,Gribben,15
1480,Guild,15
1481,Hogan,15
1482,Hogarth,15
1483,Humphries,15
1484,Irwin,15
1485,Jenkinson,15
1486,John,15
1487,Kiernan,15
1488,Lapsley,15
1489,Loughlin,15
1490,Maccoll,15
1491,Macritchie,15
1492,Macvicar,15
1493,Marsden,15
1494,Mcbean,15
1495,Mccullough,15
1496,Mcdevitt,15
1497,Mcwhinnie,15
1498,Meehan,15
1499,Milroy,15
1500,Moncur,15
1501,Neal,15
1502,Patton,15
1503,Peddie,15
1504,Percy,15
1505,Picken,15
1506,Platt,15
1507,Polson,15
1508,Rea,15
1509,Rintoul,15
1510,Samuel,15
1511,Scobbie,15
1512,Spink,15
1513,Stafford,15
1514,Stephens,15
1515,Stout,15
1516,Tate,15
1517,Tawse,15
1518,Tobin,15
1519,Vickers,15
1520,Warner,15
1521,Whiteside,15
1522,Whitson,15
1523,Whitton,15
1524,Bayne,14
1525,Birse,14
1526,Boath,14
1527,Brash,14
1528,Brett,14
1529,Bryceland,14
1530,Cardno,14
1531,Cassie,14
1532,Comrie,14
1533,Cooney,14
1534,Corr,14
1535,Coyne,14
1536,Deacon,14
1537,Denham,14
1538,Dunsmuir,14
1539,Fielding,14
1540,Fyffe,14
1541,Gannon,14
1542,Gee,14
1543,Gillen,14
1544,Girdwood,14
1545,Greene,14
1546,Greenhill,14
1547,Grimes,14
1548,Hannan,14
1549,Hansen,14
1550,Hawthorn,14
1551,Hawthorne,14
1552,Heenan,14
1553,Herriot,14
1554,Howieson,14
1555,Irons,14
1556,Jess,14
1557,Kirby,14
1558,Lancaster,14
1559,Larkin,14
1560,Latta,14
1561,Laverty,14
1562,Legge,14
1563,Malloy,14
1564,Mcalister,14
1565,Mcburnie,14
1566,Mccloy,14
1567,Mccrone,14
1568,Mccrory,14
1569,Mcgarrity,14
1570,Mcgeachie,14
1571,Mcglone,14
1572,Mcmonagle,14
1573,Mcrobert,14
1574,Mcsherry,14
1575,Mcsorley,14
1576,Mcveigh,14
1577,Meredith,14
1578,Mowbray,14
1579,Murison,14
1580,Nicholas,14
1581,O'Hagan,14
1582,Oakley,14
1583,Pattinson,14
1584,Rigby,14
1585,Ronaldson,14
1586,Rowley,14
1587,Sandilands,14
1588,Sands,14
1589,Sawers,14
1590,Scanlan,14
1591,Skivington,14
1592,Tolmie,14
1593,Usher,14
1594,Vallance,14
1595,Warden,14
1596,Warwick,14
1597,Webber,14
1598,Wilkes,14
1599,Willox,14
1600,Winters,14
1601,Abercrombie,13
1602,Anthony,13
1603,Bateman,13
1604,Blackie,13
1605,Breslin,13
1606,Cahill,13
1607,Cassells,13
1608,Christison,13
1609,Clinton,13
1610,Coats,13
1611,Corcoran,13
1612,Craik,13
1613,Crane,13
1614,Croft,13
1615,Cuthill,13
1616,Dalgarno,13
1617,Daniel,13
1618,Dennis,13
1619,Doolan,13
1620,Drew,13
1621,Duggan,13
1622,Dunnett,13
1623,Eaton,13
1624,Ewan,13
1625,Fernie,13
1626,Ferris,13
1627,Finn,13
1628,Finnegan,13
1629,Firth,13
1630,Foreman,13
1631,Garland,13
1632,Glendinning,13
1633,Greenhorn,13
1634,Gregg,13
1635,Hancock,13
1636,Harrington,13
1637,Harrold,13
1638,Haston,13
1639,Hayward,13
1640,Heeps,13
1641,Hoey,13
1642,Hornby,13
1643,Humphrey,13
1644,Kavanagh,13
1645,Kenyon,13
1646,Latimer,13
1647,Leggate,13
1648,Lennie,13
1649,Lightfoot,13
1650,Loy,13
1651,Macfadyen,13
1652,Macsween,13
1653,Mains,13
1654,Markey,13
1655,Mcbrearty,13
1656,Mccauley,13
1657,Mccloskey,13
1658,Mcgarrigle,13
1659,Mchale,13
1660,Mcluskey,13
1661,Mirza,13
1662,Montague,13
1663,Moon,13
1664,Moreland,13
1665,Newall,13
1666,Notman,13
1667,Oswald,13
1668,Pattison,13
1669,Peat,13
1670,Pender,13
1671,Perkins,13
1672,Pert,13
1673,Pope,13
1674,Rainey,13
1675,Reddington,13
1676,Rhind,13
1677,Riach,13
1678,Salmond,13
1679,Salter,13
1680,Sayers,13
1681,Shankland,13
1682,Sheppard,13
1683,Speed,13
1684,Storey,13
1685,Strathdee,13
1686,Swankie,13
1687,Trainer,13
1688,Vance,13
1689,Waite,13
1690,Waterson,13
1691,Westwater,13
1692,Wills,13
1693,Wyness,13
1694,Younger,13
1695,Abel,12
1696,Ainslie,12
1697,Appleton,12
1698,Armit,12
1699,Begley,12
1700,Bennet,12
1701,Benzie,12
1702,Berrie,12
1703,Bews,12
1704,Blain,12
1705,Bland,12
1706,Boswell,12
1707,Bradbury,12
1708,Braid,12
1709,Brechin,12
1710,Brockie,12
1711,Bull,12
1712,Burr,12
1713,Butchart,12
1714,Caird,12
1715,Cant,12
1716,Carberry,12
1717,Cathcart,12
1718,Caven,12
1719,Christensen,12
1720,Clegg,12
1721,Close,12
1722,Coghill,12
1723,Crilly,12
1724,Crook,12
1725,Crow,12
1726,Duddy,12
1727,Dunnachie,12
1728,Fair,12
1729,Ferries,12
1730,Forman,12
1731,Fryer,12
1732,Gaughan,12
1733,Glennie,12
1734,Gold,12
1735,Good,12
1736,Govan,12
1737,Groves,12
1738,Guyan,12
1739,Haines,12
1740,Hampton,12
1741,Hanna,12
1742,Hargreaves,12
1743,Harwood,12
1744,Hegarty,12
1745,Heggie,12
1746,Heywood,12
1747,Hicks,12
1748,Hoggan,12
1749,Hurst,12
1750,Judge,12
1751,Keegan,12
1752,Keogh,12
1753,Langlands,12
1754,Lawton,12
1755,Letham,12
1756,Luke,12
1757,Lundie,12
1758,Maccallum,12
1759,Maceachen,12
1760,Macneill,12
1761,Macqueen,12
1762,Magill,12
1763,Masterson,12
1764,Mathewson,12
1765,Mccallion,12
1766,Mccraw,12
1767,Mccurdy,12
1768,Mcgeoch,12
1769,Mcglinchey,12
1770,Mcgonigle,12
1771,Mcgown,12
1772,Mcgugan,12
1773,Mchattie,12
1774,Mcnicoll,12
1775,Mcseveney,12
1776,Mctavish,12
1777,Mennie,12
1778,Merchant,12
1779,Nesbitt,12
1780,Pitt,12
1781,Pottinger,12
1782,Rock,12
1783,Rocks,12
1784,Rowlands,12
1785,Sheerin,12
1786,Skilling,12
1787,Stubbs,12
1788,Swift,12
1789,Symington,12
1790,Thorne,12
1791,Timmins,12
1792,Tod,12
1793,Tully,12
1794,Wardlaw,12
1795,Wark,12
1796,Whitefield,12
1797,Whitfield,12
1798,Woodcock,12
1799,Woolley,12
1800,Wyper,12
1801,Wyse,12
1802,Yeats,12
1803,Abraham,11
1804,Aitkenhead,11
1805,Allardice,11
1806,Balloch,11
1807,Barratt,11
1808,Beaumont,11
1809,Beggs,11
1810,Berwick,11
1811,Bevan,11
1812,Brookes,11
1813,Brophy,11
1814,Brotherston,11
1815,Buist,11
1816,Burn,11
1817,Burrell,11
1818,Callan,11
1819,Chadwick,11
1820,Cluckie,11
1821,Conlin,11
1822,Coventry,11
1823,Crolla,11
1824,Derby,11
1825,Don,11
1826,Donegan,11
1827,Donohoe,11
1828,Downes,11
1829,Drury,11
1830,Durkin,11
1831,Farr,11
1832,Fay,11
1833,Findlater,11
1834,Florence,11
1835,Fowlie,11
1836,Gale,11
1837,Gay,11
1838,Gillanders,11
1839,Gilmore,11
1840,Goddard,11
1841,Grubb,11
1842,Hagan,11
1843,Halligan,11
1844,Hanson,11
1845,Hawkes,11
1846,Haxton,11
1847,Haynes,11
1848,Hiddleston,11
1849,Hilton,11
1850,Horton,11
1851,Howarth,11
1852,Howden,11
1853,Howitt,11
1854,Hoy,11
1855,Hubbard,11
1856,Hyndman,11
1857,Javed,11
1858,Keating,11
1859,Keay,11
1860,Kendall,11
1861,Kydd,11
1862,Lacey,11
1863,Lappin,11
1864,Leach,11
1865,Ledingham,11
1866,Lilley,11
1867,Lobban,11
1868,Lord,11
1869,Macalister,11
1870,Mackillop,11
1871,Macnamara,11
1872,Malloch,11
1873,Mayes,11
1874,Mcdonough,11
1875,Mcevoy,11
1876,Mcgarva,11
1877,Mcgroarty,11
1878,Mcguiness,11
1879,Mchardy,11
1880,Mckendry,11
1881,Mckirdy,11
1882,Mcmurtrie,11
1883,Mcneish,11
1884,Mcpake,11
1885,Mcqueenie,11
1886,Mellon,11
1887,Methven,11
1888,Minto,11
1889,Moar,11
1890,Naughton,11
1891,Partridge,11
1892,Peck,11
1893,Poole,11
1894,Primrose,11
1895,Pugh,11
1896,Purcell,11
1897,Quin,11
1898,Roche,11
1899,Roddie,11
1900,Roger,11
1901,Rourke,11
1902,Rudd,11
1903,Rushton,11
1904,Sampson,11
1905,Scoular,11
1906,Senior,11
1907,Sheikh,11
1908,Simm,11
1909,Sims,11
1910,Sloss,11
1911,Sproat,11
1912,Sproul,11
1913,Street,11
1914,Sword,11
1915,Tanner,11
1916,Terry,11
1917,Tindal,11
1918,Topping,11
1919,Torrie,11
1920,Vass,11
1921,Vernon,11
1922,Wainwright,11
1923,Wardle,11
1924,Warrender,11
1925,Watterson,11
1926,Wedderburn,11
1927,Whytock,11
1928,Wilde,11
1929,Withers,11
1930,Wynn,11
1931,Yardley,11
1932,Aikman,10
1933,Aiton,10
1934,Appleby,10
1935,Avery,10
1936,Bacon,10
1937,Ballingall,10
1938,Bark,10
1939,Barnard,10
1940,Blackley,10
1941,Blades,10
1942,Blaney,10
1943,Blue,10
1944,Bonar,10
1945,Bowes,10
1946,Bradburn,10
1947,Braithwaite,10
1948,Brannigan,10
1949,Britton,10
1950,Candy,10
1951,Carnochan,10
1952,Carrie,10
1953,Castle,10
1954,Cawley,10
1955,Chandler,10
1956,Clay,10
1957,Clement,10
1958,Clough,10
1959,Clyne,10
1960,Coffey,10
1961,Cossar,10
1962,Craib,10
1963,Crawley,10
1964,Crosby,10
1965,Deakin,10
1966,Deane,10
1967,Dignan,10
1968,Doonan,10
1969,Dryden,10
1970,Eaglesham,10
1971,Easdale,10
1972,Eccles,10
1973,Edington,10
1974,Edmond,10
1975,Ellison,10
1976,Elphinstone,10
1977,Esplin,10
1978,Eunson,10
1979,Fergus,10
1980,Ferry,10
1981,Foote,10
1982,Fortune,10
1983,Freeland,10
1984,Galt,10
1985,Gammie,10
1986,Gebbie,10
1987,Gibbon,10
1988,Gibbs,10
1989,Gifford,10
1990,Grigor,10
1991,Haley,10
1992,Halley,10
1993,Hand,10
1994,Handley,10
1995,Hedley,10
1996,Hills,10
1997,Hinton,10
1998,Hollis,10
1999,Hopkinson,10
2000,Horan,10
2001,Horner,10
2002,Hossack,10
2003,Hotchkiss,10
2004,Howells,10
2005,Hyland,10
2006,Izatt,10
2007,Kaye,10
2008,Key,10
2009,Kinnell,10
2010,Lally,10
2011,Lawler,10
2012,Leadbetter,10
2013,Leggat,10
2014,Leyden,10
2015,Lithgow,10
2016,Locke,10
2017,Lonie,10
2018,Lough,10
2019,Lowden,10
2020,Lowson,10
2021,Lyttle,10
2022,Macbeath,10
2023,Maccuish,10
2024,Mackellar,10
2025,Macnaughton,10
2026,Manley,10
2027,Manzoor,10
2028,Martindale,10
2029,Mathie,10
2030,Mcaleer,10
2031,Mcaleese,10
2032,Mcallan,10
2033,Mcblain,10
2034,Mccaw,10
2035,Mccrossan,10
2036,Mcgarvie,10
2037,Mchaffie,10
2038,Mciver,10
2039,Mckernan,10
2040,Mclarty,10
2041,Mcmath,10
2042,Mcmichael,10
2043,Mcnelis,10
2044,Mollison,10
2045,Monro,10
2046,Morrissey,10
2047,Mundie,10
2048,Murchie,10
2049,Neary,10
2050,Needham,10
2051,New,10
2052,North,10
2053,O'Keefe,10
2054,O'Leary,10
2055,Oag,10
2056,Ovens,10
2057,Panton,10
2058,Parkes,10
2059,Parr,10
2060,Parry,10
2061,Pennycook,10
2062,Percival,10
2063,Perrie,10
2064,Peter,10
2065,Phelan,10
2066,Phinn,10
2067,Pike,10
2068,Pye,10
2069,Ramsey,10
2070,Reith,10
2071,Riddle,10
2072,Roe,10
2073,Roebuck,10
2074,Rough,10
2075,Ruddy,10
2076,Scougall,10
2077,Service,10
2078,Shiels,10
2079,Simon,10
2080,Smeaton,10
2081,Stables,10
2082,Starrs,10
2083,Steen,10
2084,Symon,10
2085,Templeman,10
2086,Tennent,10
2087,Third,10
2088,Tocher,10
2089,Tollan,10
2090,Tyson,10
2091,Wardrop,10
2092,Wilkins,10
2093,Wray,10
