Rank,GivenName,RarityLayer,Notes
1,Liam,top_20_very_common,US modern mainstream male given-name pool
2,Noah,top_20_very_common,US modern mainstream male given-name pool
3,Oliver,top_20_very_common,US modern mainstream male given-name pool
4,James,top_20_very_common,US modern mainstream male given-name pool
5,Elijah,top_20_very_common,US modern mainstream male given-name pool
6,Mateo,top_20_very_common,US modern mainstream male given-name pool
7,Theodore,top_20_very_common,US modern mainstream male given-name pool
8,Henry,top_20_very_common,US modern mainstream male given-name pool
9,Lucas,top_20_very_common,US modern mainstream male given-name pool
10,William,top_20_very_common,US modern mainstream male given-name pool
11,Benjamin,top_20_very_common,US modern mainstream male given-name pool
12,Levi,top_20_very_common,US modern mainstream male given-name pool
13,Ezra,top_20_very_common,US modern mainstream male given-name pool
14,Sebastian,top_20_very_common,US modern mainstream male given-name pool
15,Jack,top_20_very_common,US modern mainstream male given-name pool
16,Daniel,top_20_very_common,US modern mainstream male given-name pool
17,Samuel,top_20_very_common,US modern mainstream male given-name pool
18,Michael,top_20_very_common,US modern mainstream male given-name pool
19,Ethan,top_20_very_common,US modern mainstream male given-name pool
20,Asher,top_20_very_common,US modern mainstream male given-name pool
21,Luca,21_50_common,US modern mainstream male given-name pool
22,Alexander,21_50_common,US modern mainstream male given-name pool
23,Owen,21_50_common,US modern mainstream male given-name pool
24,Wyatt,21_50_common,US modern mainstream male given-name pool
25,Hudson,21_50_common,US modern mainstream male given-name pool
26,Luke,21_50_common,US modern mainstream male given-name pool
27,Gabriel,21_50_common,US modern mainstream male given-name pool
28,Carter,21_50_common,US modern mainstream male given-name pool
29,Isaac,21_50_common,US modern mainstream male given-name pool
30,Jayden,21_50_common,US modern mainstream male given-name pool
31,Grayson,21_50_common,US modern mainstream male given-name pool
32,Lincoln,21_50_common,US modern mainstream male given-name pool
33,Josiah,21_50_common,US modern mainstream male given-name pool
34,Julian,21_50_common,US modern mainstream male given-name pool
35,Maverick,21_50_common,US modern mainstream male given-name pool
36,Leo,21_50_common,US modern mainstream male given-name pool
37,Logan,21_50_common,US modern mainstream male given-name pool
38,Thomas,21_50_common,US modern mainstream male given-name pool
39,Jackson,21_50_common,US modern mainstream male given-name pool
40,Aiden,21_50_common,US modern mainstream male given-name pool
41,Mason,21_50_common,US modern mainstream male given-name pool
42,Joseph,21_50_common,US modern mainstream male given-name pool
43,John,21_50_common,US modern mainstream male given-name pool
44,David,21_50_common,US modern mainstream male given-name pool
45,Jacob,21_50_common,US modern mainstream male given-name pool
46,Elias,21_50_common,US modern mainstream male given-name pool
47,Dylan,21_50_common,US modern mainstream male given-name pool
48,Matthew,21_50_common,US modern mainstream male given-name pool
49,Miles,21_50_common,US modern mainstream male given-name pool
50,Isaiah,21_50_common,US modern mainstream male given-name pool
51,Anthony,51_100_normal,US modern mainstream male given-name pool
52,Adam,51_100_normal,US modern mainstream male given-name pool
53,Santiago,51_100_normal,US modern mainstream male given-name pool
54,Cooper,51_100_normal,US modern mainstream male given-name pool
55,Nolan,51_100_normal,US modern mainstream male given-name pool
56,Nathan,51_100_normal,US modern mainstream male given-name pool
57,Colton,51_100_normal,US modern mainstream male given-name pool
58,Roman,51_100_normal,US modern mainstream male given-name pool
59,Eli,51_100_normal,US modern mainstream male given-name pool
60,Adrian,51_100_normal,US modern mainstream male given-name pool
61,Aaron,51_100_normal,US modern mainstream male given-name pool
62,Wesley,51_100_normal,US modern mainstream male given-name pool
63,Ian,51_100_normal,US modern mainstream male given-name pool
64,Thiago,51_100_normal,US modern mainstream male given-name pool
65,Axel,51_100_normal,US modern mainstream male given-name pool
66,Brooks,51_100_normal,US modern mainstream male given-name pool
67,Bennett,51_100_normal,US modern mainstream male given-name pool
68,Weston,51_100_normal,US modern mainstream male given-name pool
69,Rowan,51_100_normal,US modern mainstream male given-name pool
70,Christian,51_100_normal,US modern mainstream male given-name pool
71,Theo,51_100_normal,US modern mainstream male given-name pool
72,Beau,51_100_normal,US modern mainstream male given-name pool
73,Ezekiel,51_100_normal,US modern mainstream male given-name pool
74,Braxton,51_100_normal,US modern mainstream male given-name pool
75,Ashton,51_100_normal,US modern mainstream male given-name pool
76,Everett,51_100_normal,US modern mainstream male given-name pool
77,Declan,51_100_normal,US modern mainstream male given-name pool
78,Micah,51_100_normal,US modern mainstream male given-name pool
79,Kayden,51_100_normal,US modern mainstream male given-name pool
80,River,51_100_normal,US modern mainstream male given-name pool
81,Damian,51_100_normal,US modern mainstream male given-name pool
82,Emmett,51_100_normal,US modern mainstream male given-name pool
83,Sawyer,51_100_normal,US modern mainstream male given-name pool
84,Kingston,51_100_normal,US modern mainstream male given-name pool
85,Myles,51_100_normal,US modern mainstream male given-name pool
86,Legend,51_100_normal,US modern mainstream male given-name pool
87,Jasper,51_100_normal,US modern mainstream male given-name pool
88,Xavier,51_100_normal,US modern mainstream male given-name pool
89,Greyson,51_100_normal,US modern mainstream male given-name pool
90,Landon,51_100_normal,US modern mainstream male given-name pool
91,Atlas,51_100_normal,US modern mainstream male given-name pool
92,Harrison,51_100_normal,US modern mainstream male given-name pool
93,Silas,51_100_normal,US modern mainstream male given-name pool
94,Nicholas,51_100_normal,US modern mainstream male given-name pool
95,Emilio,51_100_normal,US modern mainstream male given-name pool
96,George,51_100_normal,US modern mainstream male given-name pool
97,Jace,51_100_normal,US modern mainstream male given-name pool
98,Caleb,51_100_normal,US modern mainstream male given-name pool
99,Ryker,51_100_normal,US modern mainstream male given-name pool
100,Ryder,51_100_normal,US modern mainstream male given-name pool
101,Zion,101_plus_rare,US modern mainstream male given-name pool
102,Jonathan,101_plus_rare,US modern mainstream male given-name pool
103,Leonardo,101_plus_rare,US modern mainstream male given-name pool
104,Walker,101_plus_rare,US modern mainstream male given-name pool
105,Jason,101_plus_rare,US modern mainstream male given-name pool
106,Jose,101_plus_rare,US modern mainstream male given-name pool
107,Parker,101_plus_rare,US modern mainstream male given-name pool
108,Ayden,101_plus_rare,US modern mainstream male given-name pool
109,Austin,101_plus_rare,US modern mainstream male given-name pool
110,Jordan,101_plus_rare,US modern mainstream male given-name pool
111,Easton,101_plus_rare,US modern mainstream male given-name pool
112,Luka,101_plus_rare,US modern mainstream male given-name pool
113,Amir,101_plus_rare,US modern mainstream male given-name pool
114,Gael,101_plus_rare,US modern mainstream male given-name pool
115,Bryson,101_plus_rare,US modern mainstream male given-name pool
116,August,101_plus_rare,US modern mainstream male given-name pool
117,Carlos,101_plus_rare,US modern mainstream male given-name pool
118,Mylo,101_plus_rare,US modern mainstream male given-name pool
119,Archer,101_plus_rare,US modern mainstream male given-name pool
120,Max,101_plus_rare,US modern mainstream male given-name pool
121,Diego,101_plus_rare,US modern mainstream male given-name pool
122,King,101_plus_rare,US modern mainstream male given-name pool
123,Vincent,101_plus_rare,US modern mainstream male given-name pool
124,Jude,101_plus_rare,US modern mainstream male given-name pool
125,Preston,101_plus_rare,US modern mainstream male given-name pool
126,Holden,101_plus_rare,US modern mainstream male given-name pool
127,Cash,101_plus_rare,US modern mainstream male given-name pool
128,Emmanuel,101_plus_rare,US modern mainstream male given-name pool
129,Emiliano,101_plus_rare,US modern mainstream male given-name pool
130,Finn,101_plus_rare,US modern mainstream male given-name pool
131,Lane,101_plus_rare,US modern mainstream male given-name pool
132,Malachi,101_plus_rare,US modern mainstream male given-name pool
133,Milo,101_plus_rare,US modern mainstream male given-name pool
134,Jett,101_plus_rare,US modern mainstream male given-name pool
135,Rhett,101_plus_rare,US modern mainstream male given-name pool
136,Dean,101_plus_rare,US modern mainstream male given-name pool
137,Zachary,101_plus_rare,US modern mainstream male given-name pool
138,Arthur,101_plus_rare,US modern mainstream male given-name pool
139,Bryce,101_plus_rare,US modern mainstream male given-name pool
140,Nash,101_plus_rare,US modern mainstream male given-name pool
141,Kaiden,101_plus_rare,US modern mainstream male given-name pool
142,Ivan,101_plus_rare,US modern mainstream male given-name pool
143,Steven,101_plus_rare,US modern mainstream male given-name pool
144,Avery,101_plus_rare,US modern mainstream male given-name pool
145,Kevin,101_plus_rare,US modern mainstream male given-name pool
146,Luis,101_plus_rare,US modern mainstream male given-name pool
147,Mark,101_plus_rare,US modern mainstream male given-name pool
148,Tobias,101_plus_rare,US modern mainstream male given-name pool
149,Paul,101_plus_rare,US modern mainstream male given-name pool
150,Jeremy,101_plus_rare,US modern mainstream male given-name pool
151,Gavin,101_plus_rare,US modern mainstream male given-name pool
152,Tristan,101_plus_rare,US modern mainstream male given-name pool
153,Nico,101_plus_rare,US modern mainstream male given-name pool
154,Colin,101_plus_rare,US modern mainstream male given-name pool
155,Maxwell,101_plus_rare,US modern mainstream male given-name pool
156,Jesse,101_plus_rare,US modern mainstream male given-name pool
157,Brandon,101_plus_rare,US modern mainstream male given-name pool
158,Phoenix,101_plus_rare,US modern mainstream male given-name pool
